,x,y,yaw,vx,vy
0,0.0,0.0,0.0,0.0,0.0
1,0.01,0.01,0.00014350689189189178,0.4873376607111103,0.009999999999999381
2,0.06873376607111104,0.02099999999999994,0.004383948953618608,0.7773729436211502,0.04563124352159482
3,0.15647106043322606,0.03556312435215942,0.00786839178664064,1.040105302018515,0.08930409127378408
4,0.2704815906350776,0.05449353347953783,0.011590397542430228,1.359424942598122,0.14367503236338466
5,0.4164240848948898,0.07886103671587628,0.01562303382484039,1.628443026559368,0.20724295060466558
6,0.5892683875508267,0.10958533177634285,0.01994956434156301,1.8447908158576611,0.27629961826812577
7,0.7837474691365928,0.14721529360315544,0.023424579303314572,1.9557074200459004,0.3468882193291789
8,0.9893182111411828,0.19190411553607334,0.026938668229361206,2.167718219411783,0.4251458707652734
9,1.2160900330823612,0.24441870261260068,0.03035204697219037,2.802528017934897,0.5333396377095011
10,1.506342834875851,0.3077526663835508,0.03453589391624255,3.433194632811949,0.659418794061387
11,1.8596622981570459,0.38369454578968953,0.03872973599223194,3.701451292486495,0.7763060376091349
12,2.239807427405695,0.471325149550603,0.04209215998929557,4.378590595679221,0.9249049911200312
13,2.687666486973617,0.5738156486626061,0.045839537233229484,4.845542980792886,1.0739803892663202
14,3.1822207850529054,0.6912136875892382,0.05003180070533448,4.981159693894417,1.2099163398127448
15,3.690336754442347,0.8222053215705127,0.05379475248705871,5.199578010533144,1.3468765269585208
16,4.220294555495661,0.9668929742663648,0.05737826635140009,5.381267830923669,1.489746539774961
17,4.768421338588028,1.1258676282438609,0.06119676966727762,5.536917359662806,1.6321394503436086
18,5.332113074554308,1.2990815732782217,0.06536267455756428,5.875863666284133,1.7924844736447363
19,5.929699441182721,1.4883300206426953,0.0700501872255899,6.1350891603496365,1.9546594936665378
20,6.5532083572176845,1.693795970009349,0.07387951403048955,6.189737254597247,2.0960831930201076
21,7.182182082677409,1.9134042893113599,0.07953392775138889,6.418314577695037,2.261287559396642
22,7.834013540446913,2.1495330452510237,0.08325510854594598,6.624293421962476,2.419719718038785
23,8.50644288264316,2.401505017054902,0.08712616911135698,6.752717089862731,2.5719098066466364
24,9.191714591629433,2.6686959977195657,0.09082553139151325,6.9952971006482425,2.739129713272842
25,9.901244301694257,2.9526089690468496,0.0942525980073623,7.02218380705376,2.880556393875017
26,10.613462682399634,3.250664608434351,0.09823758903322968,7.028457244731178,3.0125518723589595
27,11.326308406872752,3.5619197956702466,0.10200992995070324,7.204978338174473,3.1685440193811436
28,12.056806240690198,3.888774197608361,0.10593993312428876,7.332295614256449,3.316070679464924
29,12.800035802115843,4.230381265554853,0.11000156487765107,7.503403815859324,3.4700048097509093
30,13.560376183701775,4.587381746529944,0.11373236480933496,7.706980419134259,3.63924542725872
31,14.3410742256152,4.961306289255816,0.11804293054151871,7.886359782456259,3.80869512235075
32,15.139710203860826,5.352175801490891,0.12167867449957152,8.041458999451487,3.9596841152810303
33,15.953856103805974,5.758144213018994,0.12578715903726587,8.174038194896319,4.1185873131989625
34,16.781259923295607,6.18000294433889,0.13014768941301805,8.300084236054825,4.2732005185213024
35,17.621268346901093,6.61732299619102,0.1338937699234463,8.54121392602107,4.444131369445733
36,18.4853897395032,7.071736133135593,0.13791156571608842,8.782230529799005,4.622349370158397
37,19.373612792483105,7.543971070151432,0.14145017157239873,8.902735110797682,4.781901119505354
38,20.273886303562875,8.032161182101968,0.1457152442252138,9.159395694408463,4.970815526306376
39,21.19982587300372,8.539242734732605,0.1495447202659808,9.409589987426164,5.151987815925699
40,22.15078487174634,9.064441516325175,0.15327413850414384,9.513304802915098,5.306284896174177
41,23.11211535203785,9.605070005942592,0.1577687657496935,9.83493782792449,5.506162390539258
42,24.105609134830303,10.165686244996516,0.161595083819501,10.030770743305425,5.693003320914471
43,25.118686209160845,10.744986577087964,0.16590083143497397,10.090412408077329,5.846031142845257
44,26.13772744996858,11.33958969137249,0.1696821985416063,10.311915174782168,6.0347819731317855
45,27.178918967446798,11.953067888685668,0.17336797608317664,10.366875863056794,6.192083900072165
46,28.225606553752478,12.582276278692884,0.17033751779011141,10.68405581560758,6.179942658994457
47,29.304012135313236,13.21027054459233,0.17476330700686124,10.995146163673846,6.409362115794615
48,30.41352675168062,13.861206756171791,0.1784954941717989,11.566408735494857,6.685311176562905
49,31.580167625230107,14.53973787382808,0.18211863089068858,11.69091816737192,6.86642137383431
50,32.759259441967295,15.236380011211512,0.18555225294628502,11.846906162188766,7.059541608018888
51,33.95395005818617,15.952334172013401,0.18965198942659545,12.452982262051897,7.3453073187563
52,35.20924828439136,16.696864903889033,0.19282297789276953,12.912362311957123,7.608458268060993
53,36.510484515587066,17.467710730695135,0.19746498103438226,13.20417090894177,7.829493512694826
54,37.84090160648124,18.26066008196462,0.20141081949311135,13.353504964276611,8.014253359040339
55,39.186252102908895,19.072085417868657,0.20548683611448462,13.467561046799005,8.200093798949812
56,40.54300820758879,19.902094797763638,0.20973529878096075,13.616013220389998,8.383957725201443
57,41.91460952962779,20.750490570283784,0.21315716860359146,13.689552412547615,8.55548486451468
58,43.29356477088255,21.616039056735254,0.21631786418204801,13.781937919333622,8.726286147697508
59,44.68175856281591,22.498667671505007,0.22039741631350693,14.077078601995646,8.952366314176164
60,46.09946642301547,23.403904302922626,0.2246029534086633,14.367620381625084,9.181139235059307
61,47.546228461177975,24.33201822642856,0.22762525866051136,14.400665151782647,9.334251247480298
62,48.99629497635624,25.27544335117659,0.23089047056520698,14.452178614323888,9.49235073184619
63,50.45151283778863,26.23467842436121,0.23429734343262956,14.718836864872689,9.71270001294461
64,51.93339652427589,27.21594842565567,0.23760089004666257,14.787296827273318,9.884255236329476
65,53.422126207003224,28.21437394928862,0.2410865459232181,14.69525654023716,10.011128220363583
66,54.90165186102694,29.22548677132498,0.24506374305105938,14.881503792083828,10.210337621689632
67,56.399802240235324,30.256520533493944,0.24878168033536618,15.157602568886299,10.435935166413673
68,57.925562497123956,31.31011405013531,0.2523695819276104,15.19461722123802,10.586791461655949
69,59.455024219247754,32.378793196300904,0.256212902526984,15.360991779342683,10.785120913542137
70,61.00112339718202,33.467305287655115,0.2594066787496534,15.795440980680803,11.060730230553071
71,62.5906674952501,34.58337831071042,0.26320504068047856,16.118499039281545,11.313722118520221
72,64.21251739917827,35.724750522562445,0.26763918816875065,16.482574255042685,11.577624841816704
73,65.87077482468254,36.89251300674411,0.27148785785294943,17.580667255875433,12.053008735691765
74,67.63884155027009,38.10781388031329,0.2749563536597346,18.212357940258862,12.19797448461469
75,69.47007734429597,39.337611328774756,0.27809578893527126,18.79388697250752,12.552492265498865
76,71.35946604154672,40.60286055532464,0.2811029135164042,19.16846876831164,12.864134063885837
77,73.28631291837789,41.89927396171322,0.2809945672030756,19.48225363494774,12.818137426752752
78,75.24453828187266,43.191087704388494,0.2855471062916657,19.49341215515703,13.005747480709536
79,77.20387949738837,44.50166245245945,0.289110412972409,19.492976563584087,13.187490243623499
80,79.16317715374679,45.830411476821794,0.2927012314743508,19.60028193452791,13.39498937512952
81,81.13320534719958,47.17991041433474,0.2966361800142723,19.890392276739824,13.653157237631856
82,83.13224457487357,48.55522613809793,0.30044676552805744,20.154665179195877,13.88378397522006
83,85.15771109279316,49.95360453561993,0.3036767944423891,20.223067208879872,14.08179100445047
84,87.19001781368115,51.371783636064976,0.3067532264403489,20.226019154056416,14.247476224428206
85,89.2226197290868,52.806531258507796,0.3099778030692098,20.430719579273436,14.46679135985911
86,91.27569168701415,54.263210394493704,0.3137475856493804,20.69499223000225,14.719690595201225
87,93.35519091001437,55.74517945401382,0.3171445788499665,20.67031298171234,14.877353548000558
88,95.4322222081856,57.24291480881388,0.3199742763866825,20.697893386711918,15.040572602687321
89,97.5120115468568,58.75697206908261,0.3234397214821796,20.78516836720698,15.22508376571391
90,99.6005283835775,60.289480445654,0.3271412752028596,20.78372748233094,15.373224339973161
91,101.6889011318106,61.836802879651316,0.33013370205018083,20.803694689590564,15.53730618210959
92,103.77927060076966,63.40053349786227,0.3336001351861363,20.899620516234517,15.732792186698052
93,105.87923265239311,64.98381271653209,0.33727131548041905,20.91574423880961,15.88353254551444
94,107.98080707627408,66.58216597108354,0.34027372090673086,21.060878359164292,16.092447736277965
95,110.0968949121905,68.20141074471134,0.34360994968305364,21.143144280397426,16.285936362519582
96,112.22120934023026,69.84000438096331,0.3458220786042973,21.305447437209384,16.494955710366433
97,114.3617540839512,71.49949995199995,0.3483301016880143,21.268523194222077,16.626150150721227
98,116.49860640337342,73.17211496707208,0.3513202348976094,21.684942432047514,16.93620855055495
99,118.67710064657817,74.87573582212758,0.3545113482103121,21.807051989219698,17.13002726320613
100,120.86780584550014,76.5987385484482,0.3578546983512745,21.91565906628302,17.309326342780068
101,123.06937175212845,78.3396711827262,0.3598800520292058,21.970025524060127,17.48567111192373
102,125.27637430453447,80.09823829391858,0.36323314727795153,22.01289058654639,17.657991323458102
103,127.48766336318911,81.8740374262644,0.3666257754597242,21.99613087561927,17.80196209837932
104,129.69727645075102,83.66423363610234,0.3698741874467183,22.116566962008573,18.001914646697507
105,131.91893314695187,85.4744251007721,0.3729281831737831,22.151263739953926,18.16074668156663
106,134.14405952094725,87.30049976892876,0.37563377102036155,22.14628872307305,18.32154099443594
107,136.36868839325456,89.14265386837236,0.3785102837213875,22.274158270903662,18.525040791267916
108,138.60610422034492,91.00515794749916,0.38165694471811634,22.41729325988862,18.731176880712756
109,140.85783354633378,92.88827563557044,0.3855675416463835,22.561969163571785,18.927542846770844
110,143.12403046269094,94.79102992024752,0.3891008295174761,22.88985028150958,19.216111471253072
111,145.4230154908419,96.72264106737283,0.3918696455718051,23.174618770134067,19.499398151580724
112,147.7504773678553,98.68258088253091,0.3948283746148739,23.429212156554193,19.758976435156523
113,150.1033985835107,100.66847852604657,0.39789144693359685,23.414618127733462,19.91003346743689
114,152.45486039628406,102.66948187279026,0.4006937144526032,23.744247999012433,20.20308992224131
115,154.8392851961853,104.69979086501439,0.4045808683541787,23.80679544134995,20.367737292144955
116,157.2299647403203,106.7465645942289,0.40736342839245837,23.822727878558286,20.529238228944653
117,159.62223752817613,108.80948841712338,0.4104282842616676,24.022899493928236,20.76536507236245
118,162.03452747756893,110.89602492435962,0.41300642783652863,24.123939758484376,20.96165635869057
119,164.45692145341735,113.00219056022868,0.41602759865665184,24.251572645333113,21.164482413227375
120,166.89207871795065,115.12863880155143,0.41972454310431817,24.380661040117865,21.367835826947726
121,169.34014482196244,117.27542238424621,0.42238861247318726,24.57998097947369,21.599363650105253
122,171.8081429199098,119.44535874925674,0.4252362668050214,24.784255857055246,21.850852079413166
123,174.29656850561534,121.64044395719806,0.4284895231687294,24.89943311684562,22.052778306400523
124,176.7965118172999,123.85572178783812,0.4306604433750853,25.104445233442696,22.30654629188429
125,179.31695634064414,126.09637641702655,0.43381636666098444,25.280576507758017,22.547114010209892
126,181.85501399141992,128.36108781804754,0.43670981540808584,25.376929999183723,22.738364111480898
127,184.40270699133828,130.64492422919562,0.4396219686981443,25.37781981059188,22.88392528030586
128,186.95048897239747,132.9433167572262,0.4432981199680788,25.38990314312136,23.034570981301577
129,189.4994792867096,135.25677385535636,0.4463049162994238,25.394927962874462,23.196470376194778
130,192.04897208299704,137.58642089297584,0.4486229804926894,25.501176184139858,23.40454655781801
131,194.60908970141102,139.93687554875763,0.45200829089489203,25.53627469689616,23.575064589810886
132,197.17271717110063,142.3043820077387,0.4555016618900389,25.605949522915125,23.753040344511664
133,199.74331212339214,144.68968604218986,0.4587534143576399,25.668815254042357,23.93553968820799
134,202.32019364879636,147.09324001101066,0.461870639478273,25.67535380678746,24.08383701886132
135,204.8977290294751,149.51162371289678,0.4646346874891702,26.023703669815035,24.38311452238552
136,207.5100993964566,151.95993516513533,0.46685693619012647,26.30370827523263,24.663319714724786
137,210.15047022397985,154.4362671366078,0.4698456985034742,26.343616808094602,24.8191017507915
138,212.7948319047893,156.92817731168694,0.4738220287280628,26.349147508249413,24.982320932478178
139,215.43974665561424,159.43640940493475,0.47714847258954673,26.434330679018178,25.168303989978757
140,218.09317972351604,161.96323980393262,0.47955344722084786,26.547575579705143,25.390332450275423
141,220.75793728148656,164.51227304896017,0.48252666069836814,26.640572014630198,25.581945398147543
142,223.43199448294956,167.08046758877492,0.48538274965117517,26.606626468055303,25.71189186945857
143,226.10265712975507,169.66165677572076,0.48862675854426185,26.756494085004487,25.93970316208287
144,228.7883065382555,172.26562709192905,0.49155359848449065,26.692349883587937,26.05501477017841
145,231.4675415266143,174.88112856894688,0.49489817144538384,26.650427953392537,26.17222068289399
146,234.14258432195354,177.50835063723628,0.4978577242293954,26.643046257024995,26.327757556426544
147,236.81688894765603,180.15112639287892,0.5009349128652594,26.807107798375412,26.563142665205064
148,239.50759972749356,182.8174406593994,0.5039030622202934,26.954693753982024,26.794506583120835
149,242.21306910289175,185.50689131771148,0.507097327542346,26.997266574053416,26.96040655620749
150,244.92279576029708,188.21293197333222,0.5104783299228616,27.3289199744435,27.29128647377272
151,247.6656877577414,190.9520606207095,0.5132171486628531,27.4815444683538,27.518312233901636
152,250.42384220457677,193.71389184409963,0.5167584129060653,27.63352528113741,27.74060367158953
153,253.1971947326905,196.4979522112586,0.5196583595528482,27.741827356128365,27.947214647309572
154,255.98137746830332,199.30267367598955,0.522508510046471,27.979593309047146,28.234299607163912
155,258.789336799208,202.13610363670594,0.525884274100781,28.309468724236474,28.567321536374966
156,261.6302836716316,205.00283579034343,0.5290026402784952,28.322185795918838,28.710550816487487
157,264.4725022512235,207.88389087199218,0.5317016898738047,28.361626036382294,28.878036893532922
158,267.3186648548617,210.78169456134546,0.5350567421465109,28.54647600915148,29.129992714245454
159,270.18331245577684,213.70469383277,0.5380451206855875,28.637206319380045,29.33355869468417
160,273.05703308771484,216.6480497022384,0.5414342104403742,28.88874229550744,29.62570451931224
161,275.9559073172656,219.62062015416961,0.544690078772226,29.28256651577917,30.00953098909649
162,278.8941639688435,222.63157325307927,0.5482170561079776,29.571782454444634,30.329561752075307
163,281.86134221428796,225.6745294282868,0.5519800309854048,29.661305320598466,30.530305601639125
164,284.83747274634777,228.7375599884507,0.5548108435961756,29.80626552863551,30.767364989538716
165,287.8280992992113,231.82429648740455,0.5581861729070124,29.910326507310565,30.98945206976154
166,290.82913194994234,234.93324169438068,0.5608808017012481,29.979710369965154,31.175669710922026
167,293.8371029869388,238.06080866547288,0.5643024073648775,30.073566986353363,31.38214928144065
168,296.85445968557417,241.20902359361693,0.5682653208013477,30.137913721294744,31.5758131113221
169,299.8782510577036,244.37660490474914,0.5714277937857721,30.117036715685227,31.707237539721174
170,302.8999547292721,247.55732865872125,0.5747416354078114,30.139741471838246,31.84932021717458
171,305.92392887645593,250.7522606804387,0.5777368649797137,30.166596757986476,31.998856310838043
172,308.95058855225454,253.9621463115225,0.5807120022023193,30.22817938600687,32.170333445656176
173,311.9834064908552,257.18917965608813,0.5839545571627577,30.19784243475636,32.29783020883215
174,315.0131907343308,260.4289626769713,0.5869532065347144,30.178188754366467,32.42815984594209
175,318.04100960976746,263.6817786615655,0.5902321831634404,30.18280653919607,32.56894866826696
176,321.06929026368704,266.9486735283922,0.593423255440006,30.328638087070658,32.80090065846237
177,324.1121540723941,270.23876359423843,0.596762974098457,30.37064843004668,32.964585295974274
178,327.15921891539875,273.54522212383586,0.6002683131560355,30.36306395468045,33.11211450431649
179,330.2055253108668,276.8664335742675,0.6036082545259298,30.352480262293316,33.23887389335937
180,333.2507733370961,280.2003209636034,0.607521627661822,30.586808642560744,33.54120517077975
181,336.3194542013522,283.5644414806814,0.6110848826140114,30.652537555607452,33.736480234502324
182,339.3947079569129,286.94808950413164,0.614136522716484,30.829863385109885,34.00948950329565
183,342.48769429542386,290.3590384544612,0.6170110454489567,30.83209686567117,34.13242554418162
184,345.58090398199096,293.78228100887935,0.6203672502325301,30.949044381243926,34.337537277684355
185,348.68580842011534,297.22603473664776,0.6239576325135475,31.049865581385784,34.558184901080324
186,351.8007949782539,300.69185322675577,0.6270836945880991,31.168555062389185,34.78883580207317
187,354.9276504844928,304.18073680696307,0.6306619358210379,31.148439201279135,34.923470564972334
188,358.0524944046207,307.6830838634603,0.633657016154667,31.318333091884437,35.1775549310543
189,361.1943277138091,311.2108393565657,0.6367502257661775,31.3863304071871,35.36701482252568
190,364.34296075452784,314.7575408388183,0.6399450036876992,31.508782399002,35.60200221875639
191,367.503838994428,318.3277410606939,0.6430001939725717,31.571435534434634,35.79175039058113
192,370.67098254787146,321.916916099752,0.6461133512783147,31.729317677931228,36.058685610871756
193,373.85391431566455,325.5327846608391,0.6503630486778804,31.835414053921447,36.28411971540471
194,377.0474557210567,329.1711966323796,0.6529972777619153,32.37107315120467,36.82054584467099
195,380.2945630361771,332.86325121684666,0.6563063725042997,32.656738187829646,37.18027392882608
196,383.57023685496006,336.5912786097293,0.6606955032850631,32.86612508807852,37.49020793566341
197,386.8668493637679,340.3502994032956,0.6638607501591883,32.89160978940032,37.66159835207769
198,390.166010342708,344.12645923850334,0.6671347848278171,32.99066558423008,37.87835011733578
199,393.475076901131,347.9242942502369,0.670238802605657,32.9582977118486,38.0012509147569
200,396.78090667231584,351.7344193417126,0.6732450086734368,33.02663709522526,38.19319148486848
201,400.09357038183833,355.56373849019946,0.6762440214573864,33.03090693325885,38.328600542086015
202,403.4066610751642,359.40659854440804,0.679274168323313,33.08832663025798,38.530864163022336
203,406.72549373819,363.26968496071026,0.6824481064617074,33.15090886389287,38.72593888819342
204,410.05058462457924,367.1522788495296,0.6862462170502535,33.26425296327179,38.96438175837033
205,413.3870099209064,371.0587170253666,0.6893065488105153,33.491374384770346,39.2809469676608
206,416.74614735938343,374.9968117221327,0.6922325163578862,33.4496255927027,39.38791891016587
207,420.10110991865366,378.9456036131493,0.6954636231157142,33.39991826681237,39.489352852019714
208,423.4511017453349,382.90453889835123,0.69868613890467,33.540880523903425,39.75725626590091
209,426.8151897977252,386.8902645249413,0.7022592451038675,33.64346338083055,39.979325039757136
210,430.1895361358083,390.898197028917,0.7053514045728472,33.831169556003324,40.269677192245425
211,433.5826530914086,394.9351647481416,0.7083017614255714,34.227944994827475,40.740825969978005
212,437.0154475908913,399.0192473451394,0.7120093054717014,34.303000135415424,40.95082273453002
213,440.4557476044329,403.12432961859236,0.7153790629654341,34.48709862570806,41.257115151637066
214,443.9144574670037,407.26004113375603,0.7184943356819301,34.477435997325344,41.378135898403
215,447.3722010667362,411.4078547235963,0.7218582230533295,34.41054517944253,41.49012008533101
216,450.82325558468045,415.56686673212937,0.7249919341476497,34.492499472662125,41.702769613153045
217,454.28250553194664,419.7471436934447,0.7286131284980284,34.49515245531627,41.84517945871518
218,457.7420207774783,423.9416616393162,0.7323270508665257,34.573072713283516,42.03367995111297
219,461.20932804880664,428.1550296344275,0.7357410648236432,34.54458919848638,42.163018085850695
220,464.6737869686553,432.3813314430125,0.7392371242157766,34.75125370140957,42.474617289705996
221,468.15891233879626,436.63879317198314,0.7426767911349423,34.82381179731385,42.68868191429988
222,471.6512935185276,440.9176613634131,0.7459454195018305,35.0113441204499,43.0041972020576
223,475.16242793057256,445.22808108361886,0.7492459703986594,35.09198337763196,43.22229732886974
224,478.6816262683358,449.5603108165058,0.752547956084012,35.25217641635429,43.51606178257349
225,482.2168439099712,453.92191699476314,0.7559726916295514,35.3355969863506,43.7348215823918
226,485.7604036086063,458.3053991530023,0.7596015364807891,35.33502967425889,43.87021292357816
227,489.30390657603215,462.70242044536013,0.7626870932444901,35.43811485526039,44.10518354715157
228,492.85771806155816,467.1229388000753,0.7665127904893898,35.51260554749214,44.33363603926726
229,496.41897861630736,471.56630240400204,0.7694377316005558,35.585896910024495,44.529784834544664
230,499.9875683073098,476.0292808874565,0.7722845467514985,35.68085498266645,44.76460577973005
231,503.56565380557646,480.51574146542947,0.7756978680465348,35.851283274772186,45.07999079741362
232,507.16078213305366,485.0337405451708,0.7792360771236135,36.08710214660097,45.460186657153336
233,510.77949234771376,489.58975921088614,0.7835143394929172,36.11912387073975,45.65093053061104
234,514.4014047347878,494.16485226394724,0.7868992333791197,36.10511593173671,45.79184409981666
235,518.0219163279614,498.7540366739289,0.7905496337455982,36.217632318441,46.06122845357434
236,521.6536795598055,503.37015951928635,0.7943679156506741,36.21605614723373,46.206310484164156
237,525.2852851745289,508.0007905677028,0.79735180948533,36.26058236308386,46.39684036527208
238,528.9213434108373,512.65047460423,0.800840165748316,36.250307404092176,46.53083516036073
239,532.5563741512465,517.3135581202661,0.8039438951484531,36.27704981391185,46.716747478639654
240,536.1940791326376,521.9952328681301,0.807533633936243,36.36779340176931,46.95292440227788
241,539.8408584728146,526.7005253083579,0.8115112369125402,36.36189834839728,47.102276343742815
242,543.4870483076543,531.4207529427322,0.8150251216447326,36.41228284722409,47.298382005404044
243,547.1382765923767,536.1605911432725,0.8187516595926484,36.39219015605515,47.4154341353478
244,550.7874956079821,540.9121345568074,0.8222682008593408,36.440391012334636,47.61305353860684
245,554.4415347092156,545.6834399106681,0.8264514272953429,36.39313092651118,47.71504009217561
246,558.0908478018667,550.4649439198856,0.8297272192397616,36.41364520447293,47.87243301952
247,561.742212322314,555.2621872218376,0.8342182000145345,36.38887523742613,47.99177710225331
248,565.3910998460566,560.0713649320629,0.8377135476929878,36.412588932440734,48.15039130340592
249,569.0423587393007,564.8964040624035,0.842281135724797,36.418511188637794,48.31374152739868
250,572.6942098581644,569.7377782151433,0.8467516381613188,36.50733869672377,48.57668679443131
251,576.3549437278368,574.6054468945864,0.8501672480871141,36.603655113541265,48.8524859276847
252,580.025309239191,579.5006954873548,0.8538155315235624,36.62278375648434,49.026547743643384
253,583.6975876148393,584.4133502617192,0.8573255779077997,36.70367773527255,49.24273682940566
254,587.3779553883666,589.3476239446597,0.860761435446798,36.726421441950826,49.4077117753528
255,591.0605975325616,594.298395122195,0.8641090396986663,36.77290389812393,49.62279169822492
256,594.7478879223739,599.2706742920175,0.8671672983322942,36.71525146480003,49.70225032013994
257,598.4294130688539,604.2508993240315,0.8707475274399603,36.786690901640874,49.927329941058154
258,602.1180821590181,609.2536323181373,0.8742377858987858,36.81159912054706,50.11220477997009
259,605.8092420710727,614.2748527961343,0.8768124175263582,36.888347934069,50.35539468837923
260,609.5080768644797,619.3203922649722,0.8807249550002363,36.91672138961751,50.53224855765378
261,613.2097490034414,624.3836171207375,0.8844929686080569,37.19463650129538,51.042731666978504
262,616.939212653571,629.4978902874354,0.8876346748085087,37.168181639873765,51.166093131450516
263,620.6660308175583,634.6244996005805,0.8917068551403725,37.257522742837665,51.43086998066662
264,624.401783091842,639.7775865986472,0.895408945233249,37.343676107634025,51.7040393740664
265,628.1461507026055,644.9579905360538,0.899775954545059,37.36468696929822,51.903869541790954
266,631.8926193995353,650.1583774902329,0.9038334041362376,37.39322402934893,52.090958121379614
267,635.6419418024702,655.3774733023708,0.9071203397830591,37.36229445500208,52.20716230822092
268,639.3881712479704,660.6081895331929,0.9102440288989048,37.42222363161023,52.39087986881262
269,643.1403936111313,665.8572775200741,0.9138290926674009,37.45304168198367,52.59623322212117
270,646.8956977793297,671.1269008422862,0.9173899912995478,37.438707610008386,52.727068419812696
271,650.6495685403305,676.4096076842675,0.9216953917280792,37.401268767332944,52.84428505517227
272,654.3996954170638,681.7040361897847,0.9255425247576148,37.415115986707654,52.99594803366497
273,658.1512070157345,687.0136309931512,0.9285044599594187,37.493042585653576,53.24374096301714
274,661.9105112742998,692.348005089453,0.9316456563396633,37.575692423140566,53.477826018348836
275,665.6780805166138,697.7057876912878,0.9344759308871013,37.68445647200318,53.78890461943118
276,669.4565261638141,703.0946781532309,0.9373573131865738,37.67932126944227,53.946345835365136
277,673.2344582907583,708.4993127367674,0.9410037326691455,37.68798363922903,54.110885972201885
278,677.0132566546812,713.9204013339876,0.9447812605057059,37.81100751123303,54.440910880761216
279,680.8043574058045,719.3744924220637,0.9487299810105535,37.807842964978086,54.60170763773183
280,684.5951417023023,724.8446631858368,0.9518315658616794,37.781118343295184,54.69530998990076
281,688.3832535366317,730.3241941848269,0.95475339992419,37.73117580829281,54.83004001353348
282,692.166371117461,735.8171981861802,0.9574877234910786,37.747612679338395,55.00038815745574
283,695.9511323853949,741.3272370019258,0.9606823623294954,37.780123105548235,55.188141047458956
284,699.7391446959497,746.8560511066717,0.9635473915563946,37.780869381932405,55.328144689089164
285,703.5272316341429,752.3988655755805,0.9668052508547764,37.87926269987882,55.611390721857
286,707.3251579041308,757.9700046477662,0.9705604875877846,37.90084017676625,55.815796900282606
287,711.1252419218074,763.5615843377944,0.9737938468623539,37.86868743544121,55.916602835553725
288,714.9221106653515,769.1632446213498,0.9775582166652393,37.97270793939215,56.24848845667575
289,718.7293814592907,774.7980934670173,0.980285809630444,37.978709385263,56.44821246938458
290,722.537252397817,780.4529147139558,0.9820291519997845,37.9574748144785,56.58806535161822
291,726.3429998792649,786.1217212491176,0.9853713301254451,38.06778220016391,56.89843697279016
292,730.1597780992813,791.8215649463966,0.9890213918050467,38.03943344289913,57.02897520703821
293,733.9737214435712,797.5344624671004,0.99175016373237,38.04984099076471,57.25065254608835
294,737.7887055426477,803.2695277217092,0.994557515591641,38.061579257760506,57.47847238811012
295,741.6048634684237,809.0273749605202,0.9973179086168308,38.07519531013894,57.647362710408764
296,745.4223829994376,814.8021112315611,1.0009425498070317,38.0012086891331,57.72901743600711
297,749.2325038683508,820.5850129751618,1.0047496700174603,37.91486051267379,57.79030892854359
298,753.0339899196182,826.3740438680162,1.0085363700348966,37.939274714755285,57.91247936316334
299,756.8379173910937,832.1752918043326,1.0120167129247855,37.90739656570823,58.112571407124896
300,760.6386570476645,837.9965489450451,1.0169191377332205,38.01270793620503,58.501163105968175
301,764.449927841285,843.8566652556419,1.0202786169223381,38.04104527292745,58.681359308205636
302,768.2640323685778,849.7348011864625,1.0243506636951685,38.02649186603349,58.902008752611835
303,772.0766815551812,855.6350020617236,1.0276500019867953,38.05154654150046,59.13532975191838
304,775.8918362093312,861.5585350369155,1.0321422165150664,38.04743922298702,59.34460907213393
305,779.70658013163,867.5029959441289,1.0359138973738025,38.02825457362438,59.476951334787145
306,783.5194055889924,873.4606910776076,1.039315350774957,37.99472606353797,59.68627405248893
307,787.3288781953462,879.4393184828565,1.0432297968500708,37.98185651854286,59.81197480656949
308,791.1370638472005,885.4305159635135,1.0456328119806404,37.97854444261438,59.984642594924196
309,794.9449182914619,891.4389802230058,1.048170227160016,37.99736194832192,60.18170457906541
310,798.7546544862942,897.4671506809124,1.051153216325146,37.99560628602976,60.30165895350353
311,802.5642151148971,903.5073165762627,1.0547258518332905,37.99352260886943,60.45680826254764
312,806.3735673757841,909.5629974025175,1.0572382148561574,38.014579521542274,60.65283730752615
313,810.1850253279383,915.6382811332701,1.0602473073748064,38.0024465051467,60.81204282504022
314,813.9952699784529,921.7294854157741,1.0642103740650897,37.95070535453286,60.88834495246312
315,817.8003405139062,927.8283199110203,1.0663241945270263,37.95667298997253,60.99588761390013
316,821.6060078129035,933.9379086724103,1.0687959762671875,37.94899070539612,61.09133613095971
317,825.4109068834431,940.0570422855063,1.0724571453547818,37.94187905333341,61.22921108199231
318,829.2150947887765,946.1899633937055,1.0752721324968717,37.924442139658055,61.33181539550232
319,833.0175390027423,952.3331449332558,1.0782844514542127,37.95737308148159,61.470397734028715
320,836.8232763108905,958.4901847066586,1.0818838810581417,37.98905321882081,61.62755561593316
321,840.6321816327726,964.662940268252,1.0855116484037197,37.98041270046366,61.78219910923467
322,844.440222902819,970.8511601791754,1.0891114718398167,37.9573291399769,61.909698592625034
323,848.2459558168166,977.0521300384379,1.092597659428679,37.945302360662595,62.02154150304398
324,852.0504860528829,983.2642841887423,1.0966644324701442,37.96379267137579,62.15289182929007
325,855.8568653200205,989.4895733716713,1.1009683883719639,37.98397270053153,62.320267600104174
326,859.6652625900736,995.7316001316817,1.1038048247446495,37.991757981171304,62.424603000513855
327,863.4744383881907,1001.984060431733,1.106987382843425,37.959039734938244,62.49228846546084
328,867.2803423616846,1008.2432892782791,1.110836559409063,37.94808398848047,62.61833983092723
329,871.0851507605327,1014.5151232613719,1.1138563873339202,37.945774663757994,62.768718666739524
330,874.8897282269085,1020.8019951280457,1.1171586949194878,37.92741564082535,62.86682123939072
331,878.692469790991,1027.0986772519848,1.1203948363872076,37.94380813430783,63.0191486759625
332,882.4968506044218,1033.410592119581,1.1235196730922563,37.93774703020215,63.1489006562237
333,886.3006253074419,1039.7354821852034,1.1279416489675578,37.940612570189785,63.313699121749245
334,890.1046865644608,1046.0768520973784,1.130992708030792,37.97226997877803,63.52512179554506
335,893.9119135623387,1052.4393642769328,1.134325214948399,38.0064789137702,63.75971631716746
336,897.7225614537157,1058.8253359086495,1.1375539376535935,38.00703213335951,63.887067446177966
337,901.5332646670516,1065.2240426532674,1.1406459687752954,38.019309611371355,64.05166405886766
338,905.3451956281888,1071.6392090591542,1.1449641325038165,38.020122791243274,64.20948517376307
339,909.1572079073131,1078.0701575765304,1.1478142974263337,38.06868598715412,64.46704845444522
340,912.9740765060285,1084.526862421975,1.1507070621545128,38.111730359368764,64.69045783433351
341,916.7952495419654,1091.0059082054083,1.15366306546854,38.135276411161044,64.87283563984498
342,920.6187771830815,1097.5031917693927,1.1560512681070383,38.115679581266605,64.94046954288847
343,924.4403451412082,1104.0072387236817,1.1594661450800594,38.149512057992325,65.13340935489663
344,928.2652963470075,1110.5305796591713,1.1627005894052143,38.14846263268345,65.27517551104164
345,932.0901426102758,1117.0680972102755,1.1650941166221265,38.165199550678686,65.4018703523925
346,935.9166625653437,1123.6182842455148,1.16825551474,38.131331780410825,65.49016124453443
347,939.7397957433848,1130.1773003699682,1.1721648771804896,38.148842245002385,65.66999927104091
348,943.564679967885,1136.7543002970722,1.1761273840098931,38.21882631761659,65.84901684711801
349,947.3965625996467,1143.349201981784,1.1780807146588113,38.22810202630903,65.97821218188203
350,951.2293728022776,1149.9570231999724,1.18094427101191,38.22125720968363,66.12979645982641
351,955.061498523246,1156.580002845955,1.1844099717090342,38.19759332480035,66.27393409308179
352,958.891257855726,1163.217396255263,1.187791608654721,38.159864605289094,66.38177706384221
353,962.717244316255,1169.8655739616472,1.1919442993854605,38.1163202923997,66.46279048435755
354,966.5388763454949,1176.5218530100829,1.1952284471567733,38.10574205200038,66.6231084328391
355,970.359450550695,1183.1941638533667,1.198246305184886,38.09230661590959,66.7719511557084
356,974.1786812122859,1189.8813589689375,1.2016248507959901,38.11880317799226,66.96522260970242
357,978.0005615300852,1196.5878812299077,1.2064431662136226,38.14058304385477,67.12293904219754
358,981.8246198344707,1203.3101751341273,1.209879251951254,38.145639632281885,67.30591674680312
359,985.6491837976989,1210.0507668088076,1.2128097594144345,38.23031997980877,67.52398327061928
360,989.4822157956798,1216.8131651358694,1.2159982438246684,38.27137883170817,67.7580906370578
361,993.3193536788507,1223.5989741995752,1.2199098354713984,38.241553542259496,67.840748748939
362,997.1535090330766,1230.393049074469,1.2232547151456727,38.225948907793914,67.95977285093916
363,1000.986103923856,1237.1990263595628,1.2273793267223232,38.21292412215182,68.09982213450542
364,1004.8173963360712,1244.0190085730133,1.2308653944239727,38.25006505179833,68.26881066864034
365,1008.652402841251,1250.8558896398772,1.2329354480342631,38.240825481062664,68.421481173958
366,1012.4864853893573,1257.708037757273,1.2372070499288381,38.20023486757802,68.51427440500775
367,1016.3165088761151,1264.5694651977738,1.2394052767278867,38.17685054131091,68.63891825037209
368,1020.1441939302462,1271.443357022811,1.2434690617670507,38.134686098088885,68.73624676817222
369,1023.967662540055,1278.326981699628,1.2471437584068765,38.09939857328175,68.83031606029444
370,1027.7876023973831,1285.2200133056574,1.2498455983970167,38.11863968978959,69.03561174151652
371,1031.609466366362,1292.133574479809,1.251785822444856,38.087003256751835,69.15581505656064
372,1035.4281666920372,1299.0591559854652,1.2553398038331667,38.046305896097934,69.25318587293188
373,1039.242797281647,1305.9944745727582,1.258402829205334,38.03976116791167,69.39561288231084
374,1043.056773398438,1312.9440358609893,1.2624116465406174,37.999374458702924,69.4669385617019
375,1046.8667108443083,1319.9007297171595,1.26636574184636,38.026583621189104,69.65998837454612
376,1050.6793692064273,1326.8767285546141,1.2694774963923172,38.03853350361222,69.80504832752386
377,1054.4932225567884,1333.8672333873665,1.2731445373293904,38.02553541573643,69.98203551371533
378,1058.305776098362,1340.875436938738,1.2771144092424096,38.02271468153945,70.1054246027511
379,1062.118047566516,1347.895979399013,1.2808804000356673,37.9967301796538,70.2898280632046
380,1065.9277205844814,1354.9349622053335,1.2831729661375308,37.956523629078355,70.4398539219203
381,1069.7333729473892,1361.9889475975256,1.286873654148987,37.94345982752858,70.59324326948203
382,1073.537718930142,1369.0582719244737,1.2896808073547108,37.9132558804221,70.75358837072783
383,1077.3390445181842,1376.1436307615465,1.294118353698693,37.887468167778366,70.99988805160027
384,1081.137791334962,1383.2536195667067,1.297866298218809,37.91550189794586,71.2526164586102
385,1084.9393415247566,1390.3888812125676,1.300679618135424,37.860065691979194,71.3502194293181
386,1088.7353480939546,1397.5339031554995,1.3052963419811492,37.80529744864979,71.50540302182054
387,1092.5258778388195,1404.6944434576815,1.3081497662667705,37.805082800117546,71.72105233327056
388,1096.3163861188311,1411.8765486910086,1.3117460754408068,37.767776884586716,71.84538435641294
389,1100.1031638072898,1419.07108712665,1.3153932483916995,37.73306685397105,71.98452929320167
390,1103.8864704926868,1426.27954005597,1.3182372617159703,37.738452332196935,72.1491419756631
391,1107.6703157259064,1433.5044542535363,1.3211533940180145,37.75486316915277,72.37165923184118
392,1111.4558020428217,1440.7516201767205,1.3244058895770319,37.771137939129,72.59750340250386
393,1115.2429158367345,1448.0213705169708,1.3281677415982656,37.74204651020049,72.7468583585497
394,1119.0271204877545,1455.3060563528259,1.3307427938813163,37.71082936590118,72.85502528255016
395,1122.8082034243446,1462.6015588810808,1.3334870791956766,37.72565475497311,73.05076274957172
396,1126.5907688998418,1469.916635156038,1.337088377928708,37.71130433345365,73.15045772197814
397,1130.3718993331872,1477.2416809282358,1.3401683390572412,37.69786504199756,73.24146895549475
398,1134.151685837387,1484.5758278237854,1.343823175870021,37.66659263560423,73.4036272109662
399,1137.9283451009474,1491.926190544882,1.347629225187205,37.60755394677102,73.50428279266777
400,1141.6991004956244,1499.2866188241487,1.3513343104070874,37.59003563571362,73.61112994620296
401,1145.4681040591959,1506.657731818769,1.3549101771523389,37.577148949600485,73.73470432205886
402,1149.235818954156,1514.041202250975,1.357004828834955,37.5464363971654,73.82379052197861
403,1153.0004625938725,1521.4335813031728,1.360478750277686,37.51121321567032,73.92025127948136
404,1156.7615839154396,1528.8356064311208,1.3650658605711476,37.4743028489627,74.12562321966865
405,1160.519014200336,1536.2581687530876,1.3708865727552382,37.42892671770211,74.17517445222947
406,1164.2719068721062,1543.6856861983106,1.3735966409237061,37.45136147100972,74.32157694750116
407,1168.0270430192072,1551.1278438930606,1.3769925497066637,37.45782139348769,74.47819158184029
408,1171.782825158556,1558.5856630512446,1.3814151430742923,37.45446832806533,74.56614595258829
409,1175.5382719913625,1566.0522776465034,1.3868427977526807,37.42887156451942,74.63203844312481
410,1179.2911591478144,1573.5254814908158,1.3901252634021408,37.38513459271771,74.7721089743865
411,1183.0396726070862,1581.0126923882544,1.393924504430119,37.41525135918935,75.00400408855964
412,1186.7911977430051,1588.5230927971104,1.3910588906208092,37.62073210572669,75.09216076789075
413,1190.5632709535778,1596.0423088738994,1.393673983936153,37.60768947159485,75.22841305884451
414,1194.3340399007373,1603.5751501797838,1.3962615745732363,37.58072089184501,75.41605142936885
415,1198.1021119899217,1611.1267553227208,1.4012621918791595,37.53840961378552,75.49909008519128
416,1201.8659529513002,1618.6866643312399,1.4069078624320923,37.4830656184619,75.58535434703784
417,1205.6242595131464,1626.2551997659436,1.4106197718462063,37.457737586539906,75.65721111990639
418,1209.3800332718004,1633.8309208779342,1.4138094580059009,37.478883055859896,75.77669192413894
419,1213.1379215773864,1641.418590070348,1.416302936454999,37.453605106478484,75.88120497888072
420,1216.893282088034,1649.016710568236,1.419018262993498,37.41617735549676,75.9596003211059
421,1220.6448998235837,1656.6226706003465,1.420704800685385,37.38650783771649,76.04412813960342
422,1224.3935506073553,1664.2370834143069,1.4264658460620918,37.37767266852176,76.14646018629858
423,1228.1413178742075,1671.8617294329367,1.425887069048265,37.57032938764743,76.1977661945778
424,1231.9083508129722,1679.4915060523945,1.4283051377659353,37.556438080936104,76.30106868950364
425,1235.6739946210657,1687.1316129213449,1.4312637573329205,37.547976953457976,76.36968345654405
426,1239.4387923164115,1694.7785812669993,1.4337410014166616,37.51443197592555,76.43767445650919
427,1243.2002355140041,1702.43234871265,1.4358396179792616,37.48201644392071,76.56565534022835
428,1246.9584371583962,1710.0989142466728,1.440851945214403,37.437023339260364,76.65070997554126
429,1250.7121394923222,1717.7739852442269,1.444116378433409,37.422347171302164,76.78791607434576
430,1254.4643742094524,1725.4627768516614,1.4471652685465617,37.39150498380546,76.94725988102097
431,1258.213524707833,1733.1675028397635,1.4523559883789061,37.26947736401398,77.03919495158637
432,1261.9504724442343,1740.8814223349223,1.4562617643512172,37.2234521116285,77.20044229391594
433,1265.682817655397,1748.6114665643138,1.4574525933804077,37.1817989601769,77.38129172798118
434,1269.4109975514148,1756.359595737112,1.4603234878296296,37.14535378584129,77.46347495376287
435,1273.1355329299988,1764.1159432324882,1.4648070148771506,37.01312937472786,77.58571838714968
436,1276.8468458674715,1771.8845150712032,1.46964205917599,36.942417997821444,77.73679486135434
437,1280.5510876672536,1779.6681945573387,1.4732263593010153,36.91274939600768,77.89730523762711
438,1284.2523626068544,1787.4679250811014,1.4764437213020642,36.87641017246611,78.00485024864581
439,1287.9500036241009,1795.278410105966,1.4809018538418026,36.81841560809032,78.14777236356652
440,1291.64184518491,1803.1031873423226,1.484208581135383,36.805749823796766,78.24465597709124
441,1295.3324201672897,1810.9376529400317,1.4880074483497683,36.7821890619924,78.37456634314663
442,1299.0206390734888,1818.7851095743465,1.490420478211387,36.759483106023595,78.45597638893739
443,1302.706587384091,1826.6407072132401,1.4934909549204862,36.70634026872553,78.4993327922515
444,1306.3872214109635,1834.5006404924652,1.4897828896703318,37.060889469744936,78.60012576799194
445,1310.103310357938,1842.3706530692643,1.4933106175681594,37.062934371136244,78.71521767239717
446,1313.8196037950515,1850.252174836504,1.4934710765384798,37.34571197968339,78.75821600630321
447,1317.5641749930198,1858.1379964371345,1.494122544902172,37.63311051858023,78.734048588326
448,1321.3374860448778,1866.021401295967,1.4975215964663222,37.607243208407816,78.92642850398084
449,1325.1082103657186,1873.924044146365,1.498763980853229,37.55123760346584,79.10259148573313
450,1328.8733341260652,1881.8443032949383,1.501321639686905,37.52328899735291,79.24431242925449
451,1332.6356630258006,1889.7787345378638,1.5051948407583755,37.46444563965531,79.35089776153708
452,1336.392107589766,1897.7238243140175,1.5079567946363563,37.42967503124416,79.47722631677324
453,1340.1450750928905,1905.681546945695,1.5121769134750571,37.376279829859385,79.57779464723126
454,1343.8927030758764,1913.649326410418,1.5172967709064902,37.34228855827102,79.67310099449917
455,1347.6369319317034,1921.626636509868,1.5211624214259671,37.26654190650989,79.7721017011023
456,1351.3735861223545,1929.6138466799782,1.524062050563425,37.21418851613848,79.88609023918033
457,1355.1050049739683,1937.6124557038963,1.5175745672761776,37.31227354433132,79.95007467465129
458,1358.8462323284014,1945.6174631713614,1.5212970987096543,37.28905280490808,80.01751059438828
459,1362.5851376088922,1953.6292142308002,1.522774269078406,37.53832635959307,80.0894757028759
460,1366.3489702448514,1961.6481618010878,1.5179458127202432,37.65560496350114,80.08567332987397
461,1370.1245307412016,1969.6667291340752,1.5215583344417114,37.597825453866804,80.18458264532812
462,1373.8943132865884,1977.6951873986081,1.5274074820416512,37.55711394010568,80.29050730985028
463,1377.660024680599,1985.7342381295932,1.5319884757098805,37.509510421522776,80.39555466180965
464,1381.4209757227513,1993.7837935957741,1.5372400577377943,37.45085929894856,80.47636696500494
465,1385.1760616526462,2001.8414302922747,1.5422521708599481,37.388182592669914,80.58318610873113
466,1388.9248799119132,2009.9097489031478,1.5464867708978605,37.34320388296727,80.71109202661533
467,1392.66920030021,2017.9908581058094,1.5504499668334206,37.28066389451802,80.81165678830462
468,1396.4072666896618,2026.08202378464,1.5567170270622495,37.22073086381441,80.90261872386436
469,1400.1393397760432,2034.1822856570263,1.560973742792386,37.19462778978189,81.02152260899068
470,1403.8688025550214,2042.2944379179255,1.563303143133512,37.160769306787344,81.09695176207055
471,1407.5948794857002,2050.414133094133,1.5670460745484005,37.10808675194251,81.22632592641234
472,1411.3156881608945,2058.5467656867745,1.5710831336782178,37.07524952804246,81.27276969494189
473,1415.0332131136988,2066.684042656269,1.5745059273867725,37.040903008671705,81.43389764785572
474,1418.747303414566,2074.837432421055,1.57709834126638,36.993642222709575,81.62226058075257
475,1422.456667636837,2083.0096584791304,1.579245264120066,36.95852182337435,81.74511151252183
476,1426.1625198191743,2091.194169630383,1.583757983771774,36.92011147934979,81.87516944623322
477,1429.8645309671094,2099.3916865750066,1.5877616924898867,36.91350662192917,82.01108062197414
478,1433.5658816293023,2107.602794637204,1.5905957318059807,36.87450410691154,82.15904720624152
479,1437.2633320399934,2115.8286993578286,1.5930858081103698,36.85282145976583,82.32404939706542
480,1440.95861418597,2124.0711042975354,1.5971130452016595,36.82372160591841,82.44299849765116
481,1444.6509863465617,2132.3254041473006,1.6003884987944639,36.801974046208876,82.60499642775943
482,1448.3411837511826,2140.5959037900766,1.6042503268354993,36.76262969412063,82.70316186590968
483,1452.0274467205948,2148.876219976668,1.6078680278907216,36.74003478952293,82.83116921015157
484,1455.711450199547,2157.1693368976835,1.6112117402115322,36.72442468097785,82.93382267721537
485,1459.3938926676449,2165.472719165405,1.6154746052293127,36.68726984453322,83.14197957327097
486,1463.0726196520982,2173.7969171227323,1.6188398573366194,36.65666692604729,83.32776900629167
487,1466.7482863447028,2182.1396940233617,1.621687646755277,36.62927415333665,83.42756392722256
488,1470.4212137600364,2190.492450416084,1.6246833854101808,36.5726021227445,83.62184771164397
489,1474.0884739723108,2198.8646351872485,1.627665834094045,36.53746514895285,83.85526528192214
490,1477.7522204872062,2207.260161715441,1.6324574516570451,36.52836901848652,83.998601149472
491,1481.4150573890547,2215.6700218303886,1.635530815952776,36.49909449135969,84.09286106493067
492,1485.0749668381907,2224.089307936882,1.6380955922763827,36.45436003543953,84.18609844501042
493,1488.7304028417345,2232.5179177813834,1.6409606002915413,36.427376643532476,84.3142027722635
494,1492.3831405060878,2240.95933805861,1.6450514420539457,36.408801370081555,84.40718681932529
495,1496.034020643096,2249.4100567405426,1.6468905904934608,36.39155870650719,84.46624641653457
496,1499.6831765137467,2257.8666813821965,1.6505121887683132,36.355601643206704,84.60088026798647
497,1503.3287366780673,2266.336769408995,1.6533297277535706,36.37621902820488,84.72955497352817
498,1506.9763585808878,2274.8197249063483,1.656254459169946,36.34280426519682,84.85929234755797
499,1510.6206390074074,2283.3156541411045,1.6609106904785416,36.297603668317,84.9878523013147
500,1514.2603993742391,2291.824439371236,1.6644835813973065,36.275419737674625,85.16252499530628
501,1517.8979413480065,2300.350691870767,1.6658358409472784,36.19282683289249,85.42678367680625
502,1521.5272240312956,2308.903370238448,1.668882502658708,36.17368315892382,85.65325401483256
503,1525.154592347188,2317.4786956399316,1.6747664766284458,36.032556199473774,85.8868559158266
504,1528.7678479671354,2326.0773812315147,1.6795043694810037,35.97529427354017,86.03863238173486
505,1532.3753773944893,2334.691244469688,1.6758261772874379,35.96934633901804,86.09700350328983
506,1535.982312028391,2343.3109448200175,1.6741046625946292,35.960843097874736,86.19031764934422
507,1539.5883963381787,2351.939976584952,1.677544959074924,35.915588878521454,86.23169753030405
508,1543.1899552260309,2360.5731463379825,1.6807938269769989,35.91213684193051,86.32204613959755
509,1546.7911689102239,2369.2153509519426,1.6854165337889893,35.84337744846374,86.37710941406499
510,1550.3855066550702,2377.8630618933494,1.688544774704924,35.78293032188514,86.44770025089859
511,1553.9737996872586,2386.5178319184392,1.6833056313388297,35.855931423865506,86.48905317580893
512,1557.5693928296453,2395.1767372360205,1.6888663543098046,35.84847504882154,86.58897409191637
513,1561.1642403345274,2403.845634645212,1.6847339058324229,35.89875855379038,86.6426004567268
514,1564.7641161899064,2412.519894690885,1.6890743995604027,35.896849498453534,86.69113104363463
515,1568.3638011397518,2421.1990077952487,1.6829882855081741,35.968261345524276,86.74894018029282
