,time,GPSx,GPSy,a,omega,yaw
1,0.101,0.0,0.0,6.155453556736123,0.3520595,-1.6476998969608967
2,0.202,0.0,0.0,4.773376607111103,0.12929265,-1.6125206042253861
3,0.303,0.0,0.0,2.8084100682167663,0.02063889,-1.5773413114898753
4,0.406,0.0,0.0,2.5644900370145036,-0.37243208,-1.5448890957106058
5,0.511,0.0,0.0,3.1507083192934777,0.38188604,-1.5026194028888682
6,0.611,0.0,0.0,2.682306919450921,0.0920095,-1.4674401101533574
7,0.716,0.0,0.0,2.1950006138471596,0.13142313,-1.4333516482003432
8,0.816,0.0,0.0,1.1921850404624066,0.25938424,-1.3834461399011302
9,0.919,0.0,0.0,2.213012151137151,0.21038352,-1.356175370338719
10,1.025,0.0,0.0,6.356279972186019,0.23168819,-1.3171781698644707
11,1.126,-9.259026697953232,3.9765224524307996,6.383835261055374,-0.07097115,-1.2855440771720734
12,1.227,-9.259026697953232,3.9765224524307996,2.9294813564315323,0.024899822,-1.2484558305671938
13,1.33,-9.259026697953232,3.9765224524307996,6.934236164800659,-0.13808084,-1.210822168571066
14,1.435,-9.259026697953232,3.9765224524307996,4.948967848850006,0.2998631,-1.1808243220524135
15,1.532,-9.259026697953232,3.9765224524307996,1.8152900203244946,0.32968962,-1.1480993985775199
16,1.641,-9.259026697953232,3.9765224524307996,2.6469725903888937,0.24447098,-1.1153744751026262
17,1.742,-9.259026697953232,3.9765224524307996,2.3384297970519063,0.19746757,-1.0782862284977468
18,1.851,-9.259026697953232,3.9765224524307996,2.1392974617997407,0.25405806,-1.0436523511534843
19,1.96,-9.259026697953232,3.9765224524307996,3.916217772198626,0.4287563,-1.016654289286697
20,2.056,-9.259026697953232,3.9765224524307996,3.1975033601059053,0.39892977,-0.9814749965511863
21,2.155,-18.57456939353142,4.462194197578356,1.2979587853182997,0.4351477,-0.9561131808581437
22,2.255,-18.57456939353142,4.462194197578356,3.0195218090344205,0.17190199,-0.9195703496445123
23,2.356,-18.57456939353142,4.462194197578356,2.7977064743958038,0.17829338,-0.9012989340376968
24,2.459,-18.57456939353142,4.462194197578356,2.081601895379591,0.15592349,-0.8631198566503208
25,2.56,-18.57456939353142,4.462194197578356,3.185951095779105,0.18681525,-0.8407578256091435
26,2.668,-18.57456939353142,4.462194197578356,1.1734067995042499,0.23168819,-0.8047604097867604
27,2.769,-18.57456939353142,4.462194197578356,0.9998915383955869,0.21570969,-0.7785804710068455
28,2.87,-18.57456939353142,4.462194197578356,2.61375453567107,0.2806889,-0.7434011782713348
29,2.972,-18.57456939353142,4.462194197578356,2.1231674354953056,0.1697715,-0.7024950239277177
30,3.089,-27.952816338161938,3.6010557990521193,2.53249275289735,0.20399213,-0.6744061312784339
31,3.191,-27.952816338161938,3.6010557990521193,2.8890916044294404,0.21677493,-0.6337726846304409
32,3.29,-27.952816338161938,3.6010557990521193,2.7158399615161497,0.16124965,-0.6065019150680295
33,3.39,-27.952816338161938,3.6010557990521193,2.4240287695809406,0.28601506,-3.6308302595394535
34,3.493,-27.952816338161938,3.6010557990521193,2.2644555244006845,0.3477986,-3.6035594899770422
35,3.594,-27.952816338161938,3.6010557990521193,2.2207182979407922,0.2519276,-3.583379120500858
36,3.699,-27.952816338161938,3.6010557990521193,3.269644945101329,0.26044947,-3.550654197025964
37,3.801,-27.952816338161938,3.6010557990521193,3.264499990710752,0.22636202,-3.5293829967672834
38,3.905,-27.952816338161938,3.6010557990521193,2.1687953282588976,0.3062545,-3.4963852783303033
39,4.006,-27.952816338161938,3.6010557990521193,3.508196286267534,0.36271185,-3.463387734426248
40,4.114,-37.42824527469929,0.3639936491381377,3.39163972441803,0.20186166,-3.4407529084229838
41,4.217,-37.42824527469929,0.3639936491381377,2.0063047092788837,0.24021004,-3.405028287562687
42,4.321,-37.42824527469929,0.3639936491381377,4.097375346015947,0.30731973,-3.3731213999082037
43,4.421,-37.42824527469929,0.3639936491381377,2.945666417259654,0.16657582,-3.3491231226932814
44,4.523,-37.42824527469929,0.3639936491381377,1.6965420987712772,0.19320664,-3.3523956150407708
45,4.627,-37.42824527469929,0.3639936491381377,3.2858922410158997,0.30092832,-3.3114896352300787
46,4.729,-37.42824527469929,0.3639936491381377,1.736822890961888,0.2647104,-3.2891274296559763
47,4.836,-37.42824527469929,0.3639936491381377,2.423256382953634,0.33501577,-3.256402506181083
48,4.939,-37.42824527469929,0.3639936491381377,3.4974145484345507,0.31264588,-3.2345858905311538
49,5.051,-37.42824527469929,0.3639936491381377,6.230056843890322,0.11011846,-3.2007701362737637
50,5.149,-46.16867469775025,-6.405308134155348,2.0889301069601083,0.021704122,-3.1794991105480075
51,5.249,-46.16867469775025,-6.405308134155348,2.631213254172692,0.20066327,-3.1775900694121764
52,5.351,-46.16867469775025,-6.405308134155348,6.923029715250709,0.37016848,-3.1505919202789268
53,5.453,-46.16867469775025,-6.405308134155348,5.442384127399062,0.33927673,-3.1208668687223606
54,5.555,-46.16867469775025,-6.405308134155348,3.834758310039158,0.4713656,-3.0848694528999774
55,5.658,-46.16867469775025,-6.405308134155348,2.5086922875650397,0.34673336,-3.061143796114217
56,5.766,-46.16867469775025,-6.405308134155348,2.320424706123731,0.27323228,-3.02869166760141
57,5.866,-46.16867469775025,-6.405308134155348,2.6584646727989822,0.31797206,-3.0098747493368836
58,5.969,-46.16867469775025,-6.405308134155348,1.9976895292336652,0.06963961,-2.9779680362153247
59,6.072,-46.16867469775025,-6.405308134155348,2.1896892068757436,0.33075485,-2.946061323093766
60,6.18,-52.5173238517018,-14.634014961542562,4.1719926220011185,0.21890539,-2.923699117519664
61,6.283,-52.5173238517018,-14.634014961542562,4.07558499852699,0.15272778,-2.894519481354346
62,6.383,-52.5173238517018,-14.634014961542562,1.4911708044072443,0.29453692,-2.875429942660658
63,6.486,-52.5173238517018,-14.634014961542562,1.743882305638393,0.12822743,-2.8566131989290566
64,6.587,-52.5173238517018,-14.634014961542562,3.894488479105845,0.15698871,-2.8238882754541628
65,6.69,-52.5173238517018,-14.634014961542562,1.9550543494916888,0.26257995,-2.7957992955384166
66,6.795,-52.5173238517018,-14.634014961542562,0.47229904997562194,0.11224893,-2.770710187540998
67,6.898,-52.5173238517018,-14.634014961542562,3.2351183768444156,0.27216703,-2.773164469535153
68,7.001,-52.5173238517018,-14.634014961542562,4.034295317536077,0.14527115,-2.748893571891069
69,7.11,-57.6176828116877,-24.34716264763847,1.5718072821110258,0.26257995,-2.7265315408498916
70,7.21,-57.6176828116877,-24.34716264763847,2.958867517352607,0.0952052,-2.712077945715351
71,7.31,-57.6176828116877,-24.34716264763847,5.537191029553319,-0.04540556,-2.6869888377179327
72,7.412,-57.6176828116877,-24.34716264763847,4.3880146379314695,0.18575001,-2.6681720939863314
73,7.516,-57.6176828116877,-24.34716264763847,4.76383392812002,0.44260433,-2.6425375705976646
74,7.62,-57.6176828116877,-24.34716264763847,11.8928247136723,0.541671,-2.6283567704252104
75,7.72,-57.6176828116877,-24.34716264763847,6.300451221144959,-0.32662708,-2.6070855701665296
76,7.822,-57.6176828116877,-24.34716264763847,6.34341886821189,-0.08375394,-2.5890868622553382
77,7.931,-57.6176828116877,-24.34716264763847,4.531036001897978,0.3030588,-2.570269943990812
78,8.039,-57.6176828116877,-24.34716264763847,2.3296228632397438,0.1953371,-2.5389086462605013
79,8.136,-60.682256883825175,-34.62033703294583,0.7191767775604142,0.21251398,-2.532909076956771
80,8.238,-60.682256883825175,-34.62033703294583,0.9763876678947072,0.10266183,-2.5040020612206146
81,8.336,-60.682256883825175,-34.62033703294583,2.2717702585877486,0.21038352,-2.4930937533956503
82,8.437,-60.682256883825175,-34.62033703294583,4.167855405573897,0.25299284,-2.468277440360318
83,8.538,-60.682256883825175,-34.62033703294583,3.769079037380955,0.21997061,-2.452460219481195
84,8.638,-60.682256883825175,-34.62033703294583,2.0182105479239127,0.18361954,-2.4355525168854246
85,8.746,-60.682256883825175,-34.62033703294583,1.3934508633994487,-0.04540556,-2.428734737228359
86,8.844,-60.682256883825175,-34.62033703294583,3.384859657295347,0.0067908606,-2.4071909165405168
87,8.947,-60.682256883825175,-34.62033703294583,4.050919194445439,0.0920095,-2.3932827367972243
88,9.059,-60.682256883825175,-34.62033703294583,1.141009033588619,0.07709624,-2.3711935007181335
89,9.161,-62.049621444311924,-46.090747005073354,1.6524198432301498,0.032356452,-2.358103531328176
90,9.264,-62.049621444311924,-46.090747005073354,2.2871354707264895,-0.0017310036,-2.3452861823673805
91,9.368,-62.049621444311924,-46.090747005073354,1.337441213987355,0.04940018,-2.3381957822811534
92,9.472,-62.049621444311924,-46.090747005073354,1.6612280414259326,0.062182978,-2.2708370687284596
93,9.572,-62.049621444311924,-46.090747005073354,2.4948880346342777,-0.0145138,-2.2610195916859914
94,9.672,-62.049621444311924,-46.090747005073354,1.5266607798211915,0.061117746,-2.2520201504639332
95,9.779,-62.049621444311924,-46.090747005073354,2.944015187026563,-0.07629731,-2.2405664272477206
96,9.88,-62.049621444311924,-46.090747005073354,2.346983394582269,0.08135717,-2.2362031041177346
97,9.987,-62.049621444311924,-46.090747005073354,3.040981735427724,-0.17642923,-2.2307489502052524
98,10.087,-62.049621444311924,-46.090747005073354,0.9376979716150816,-0.107189074,-2.568633872349992
99,10.187,-62.91900981764775,-58.18193717021495,5.67213098342395,-0.13595037,-2.5225461845230543
100,10.288,-62.91900981764775,-58.18193717021495,2.4951517720009817,-0.0177095,-2.52090993834931
101,10.39,-62.91900981764775,-58.18193717021495,2.2834140503182376,0.024899822,-2.5258186768705437
102,10.494,-62.91900981764775,-58.18193717021495,1.8844282026672312,-0.018774733,-2.5274549230442886
103,10.597,-62.91900981764775,-58.18193717021495,1.8197983461518095,0.017443191,-2.5323636615655225
104,10.7,-62.91900981764775,-58.18193717021495,1.2030851885146465,0.16764104,-2.5359089488750985
105,10.802,-62.91900981764775,-58.18193717021495,2.6718455707052353,-0.0027962367,-2.5386358512984146
106,10.91,-62.91900981764775,-58.18193717021495,1.7049595307704064,0.051530648,-2.501002363835212
107,11.012,-62.91900981764775,-58.18193717021495,1.4860302212547165,0.21784015,-2.461459660703253
108,11.113,-64.00090151955374,-70.00565000274219,2.7931067042448503,-0.011318101,-2.457914373393677
109,11.211,-64.00090151955374,-70.00565000274219,2.8809737738413603,0.07709624,-2.4581871683557637
110,11.317,-64.00090151955374,-70.00565000274219,2.7623839303227133,0.12396649,-2.4565509221820188
111,11.422,-64.00090151955374,-70.00565000274219,4.761001306126832,0.10266183,-2.4565509221820188
112,11.524,-64.00090151955374,-70.00565000274219,4.338449157570937,-0.1178414,-2.4549146760082743
113,11.625,-64.00090151955374,-70.00565000274219,3.9105825285776072,-0.18814678,-2.452460219481195
114,11.735,-64.00090151955374,-70.00565000274219,1.1387657751458615,0.036617383,-2.4551874709703605
115,11.821,-64.00090151955374,-70.00565000274219,4.763825433872567,0.039813083,-2.452187599052033
116,11.931,-64.00090151955374,-70.00565000274219,1.7919543601146295,-0.09227581,-2.451642183660785
117,12.034,-64.00090151955374,-70.00565000274219,1.4849186660335096,-0.09121058,-2.451914978622871
118,12.139,-64.54717707331292,-82.92562630632892,3.4165437668319907,-0.0038614697,-2.452460219481195
119,12.242,-64.54717707331292,-82.92562630632892,2.3814761579025268,-0.09121058,-2.4475516554928856
120,12.345,-64.54717707331292,-82.92562630632892,2.629372963094428,0.00998656,-2.4505513528782883
121,12.463,-64.54717707331292,-82.92562630632892,2.6387803583366036,0.082422405,-2.4491877271337055
122,12.568,-64.54717707331292,-82.92562630632892,3.341665281233253,0.06644391,-2.4470060655687123
123,12.667,-64.54717707331292,-82.92562630632892,3.5151176319786575,-0.034753226,-2.4437335732212233
124,12.767,-64.54717707331292,-82.92562630632892,2.491253896928481,0.12609696,-2.4431883323628996
125,12.872,-64.54717707331292,-82.92562630632892,3.546101089387419,-0.047536023,-2.439643045053324
126,12.978,-64.54717707331292,-82.92562630632892,3.2337393418259395,0.04833495,-2.4390976296620757
127,13.081,-64.54717707331292,-82.92562630632892,2.282338286659785,0.032356452,-2.4377341784504174
128,13.184,-64.40107224148232,-96.77712328080088,1.2740748579879102,-0.036883693,-2.4377341784504174
129,13.284,-64.40107224148232,-96.77712328080088,1.433826661172075,0.039813083,-2.4347343065320897
130,13.388,-64.40107224148232,-96.77712328080088,1.5314921293420007,0.118640326,-2.4328252653962585
131,13.492,-64.40107224148232,-96.77712328080088,2.6273487398403907,0.047269717,-2.4279167014079492
132,13.595,-64.40107224148232,-96.77712328080088,1.832448752106558,-0.063514516,-2.428189321837111
133,13.694,-64.40107224148232,-96.77712328080088,2.1232028615245366,-0.05712312,-2.4101906139259195
134,13.795,-64.40107224148232,-96.77712328080088,2.1176410143990476,0.03768262,-2.4085543677521746
135,13.898,-64.40107224148232,-96.77712328080088,1.453407772274034,-0.030492295,-2.405281875404685
136,14.003,-64.40107224148232,-96.77712328080088,4.957262639279736,0.012117025,-2.4058272907959335
137,14.115,-64.52559961203951,-110.90472669899464,4.244198086396292,-0.05392742,-2.40691812157843
138,14.21,-64.52559961203951,-110.90472669899464,1.5642622502607828,-0.036883693,-2.4031002138396924
139,14.315,-64.52559961203951,-110.90472669899464,1.4519198027213016,-0.015579033,-2.3992823061009547
140,14.415,-64.52559961203951,-110.90472669899464,2.2052480545217166,-0.02197043,-2.3984642702805448
141,14.523,-64.52559961203951,-110.90472669899464,2.713922380354876,0.047269717,-2.399827721492203
142,14.624,-64.52559961203951,-110.90472669899464,2.3198343794952043,0.05685681,-2.399827721492203
143,14.728,-64.52559961203951,-110.90472669899464,0.9820447086657402,-0.09014534,-2.402554798448444
144,14.828,-64.52559961203951,-110.90472669899464,3.0370676419952405,0.02063889,-2.4009185522746996
145,14.939,-64.52559961203951,-110.90472669899464,0.6885263317781865,0.027030287,-2.3981914753184586
146,15.037,-64.52559961203951,-110.90472669899464,0.8812628657021581,-0.044340324,-2.3990095111388685
147,15.14,-64.19770668551791,-124.95419830572791,1.4900446179302167,0.13781452,-2.4066453266163434
148,15.243,-64.19770668551791,-124.95419830572791,3.257643801226164,0.013182258,-2.4110086497463294
149,15.343,-64.19770668551791,-124.95419830572791,3.0759090697859213,-0.072036386,-2.40610008575802
150,15.455,-64.19770668551791,-124.95419830572791,1.814354420200061,0.2508624,-2.4009185522746996
151,15.556,-64.19770668551791,-124.95419830572791,5.054619746570735,0.008921326,-2.40691812157843
152,15.661,-64.19770668551791,-124.95419830572791,2.952487569123544,0.07070484,-2.411281444708416
153,15.766,-64.19770668551791,-124.95419830572791,2.8906969909494062,0.012117025,-2.4110086497463294
154,15.865,-64.19770668551791,-124.95419830572791,2.4716749780774605,-0.069905914,-2.4164628036588116
155,15.975,-64.19770668551791,-124.95419830572791,3.9823927222744193,-0.008122402,-2.419735296006301
156,16.078,-64.19770668551791,-124.95419830572791,4.924693079419563,0.057922047,-2.4284619422662725
157,16.181,-63.983443708508275,-139.32081045769155,1.257725918119274,0.0057256273,-2.429825568010856
158,16.281,-63.983443708508275,-139.32081045769155,1.6763721047989941,-0.037948925,-2.430916398793352
159,16.381,-63.983443708508275,-139.32081045769155,3.3361117300404253,0.043008782,-2.434461686102928
160,16.49,-63.983443708508275,-139.32081045769155,2.3236694459733513,-0.08162348,-2.4355525168854246
161,16.591,-63.983443708508275,-139.32081045769155,4.093343435739281,0.17616291,-2.4393702500912373
162,16.699,-63.983443708508275,-139.32081045769155,5.72679057051926,0.21251398,-2.4418247066183167
163,16.803,-63.983443708508275,-139.32081045769155,4.472077454928869,-0.054992653,-2.4483696913132955
164,16.904,-63.983443708508275,-139.32081045769155,2.1905231741478404,0.12503172,-2.448096896351209
165,17.013,-63.983443708508275,-139.32081045769155,2.875629905269259,0.024899822,-2.446460824710389
166,17.109,-63.828627544105984,-153.85707303625531,2.5120023042646853,0.027030287,-2.45000593748704
167,17.211,-63.828627544105984,-153.85707303625531,2.0129725394500944,-0.07310162,-2.446460824710389
168,17.318,-63.828627544105984,-153.85707303625531,2.3590485306062843,-0.008122402,-2.4470060655687123
169,17.421,-63.828627544105984,-153.85707303625531,2.085830008838119,-0.05605789,-2.4510967682695366
170,17.524,-63.828627544105984,-153.85707303625531,1.0461338586435305,-0.09973244,-2.4530058094053677
171,17.633,-63.828627544105984,-153.85707303625531,1.4114053610185595,0.03768262,-2.457096337573267
172,17.736,-63.828627544105984,-153.85707303625531,1.508376677113627,0.013182258,-2.4595507941003465
173,17.836,-63.828627544105984,-153.85707303625531,1.9103522665838366,0.023834588,-2.462823286447836
174,17.939,-63.828627544105984,-153.85707303625531,0.9931738494508502,-0.12529804,-2.4630959068769975
175,18.04,-63.828627544105984,-153.85707303625531,1.1061122090386366,0.061117746,-2.4625504914857492
176,18.146,-63.72819266025908,-168.8472818986047,1.351143639531614,0.032356452,-2.463641322268246
177,18.246,-63.72819266025908,-168.8472818986047,2.9822009572140185,0.08455287,-2.4538238452257777
178,18.348,-63.72819266025908,-168.8472818986047,1.7433245605253345,-0.027296597,-2.4554600913995226
179,18.452,-63.72819266025908,-168.8472818986047,1.333097765326572,-0.009187635,-2.4587325837470115
180,18.556,-63.72819266025908,-168.8472818986047,1.1306636779691241,0.014247492,-2.459823414529508
181,18.658,-63.72819266025908,-168.8472818986047,4.114859790605581,0.13248836,-2.463641322268246
182,18.763,-63.72819266025908,-168.8472818986047,2.1576005978205797,-0.051796954,-2.4652775684419903
183,18.868,-63.72819266025908,-168.8472818986047,3.4918744232058754,0.0920095,-2.467186609577822
184,18.969,-63.72819266025908,-168.8472818986047,1.109963602361306,-0.05712312,-2.4666410196536486
185,19.073,-63.72819266025908,-168.8472818986047,2.5020919477933234,0.05366111,-2.468277440360318
186,19.181,-64.18302436696831,-183.89194214018062,2.5491247985422545,0.06005251,-2.468004645398232
187,19.282,-64.18302436696831,-183.89194214018062,2.7400992425139807,0.044074018,-2.468277440360318
188,19.382,-64.18302436696831,-183.89194214018062,1.1015099876343786,0.10053137,-2.467731850436145
189,19.485,-64.18302436696831,-183.89194214018062,3.2480446806713497,-0.0017310036,-2.4939117892160603
190,19.588,-64.18302436696831,-183.89194214018062,2.0785999688240278,-0.036883693,-2.4930937533956503
191,19.692,-64.18302436696831,-183.89194214018062,2.7973874302295876,-0.04966649,-2.4911848867927437
192,19.792,-64.18302436696831,-183.89194214018062,2.0530267057307134,-0.22542994,-2.4750950454844585
193,19.898,-64.18302436696831,-183.89194214018062,3.28386439972202,-0.13914606,-2.4767312916582034
194,19.999,-64.18302436696831,-183.89194214018062,2.6126201061143295,-0.037948925,-2.4794583686144445
195,20.103,-64.61803079314996,-199.33143697329797,7.7707819756231125,-0.02516613,-2.480549199396941
196,20.203,-64.61803079314996,-199.33143697329797,4.719330993377398,-0.16790736,-2.482458240532772
197,20.311,-64.61803079314996,-199.33143697329797,3.8305949158698547,0.0046603945,-2.4843671071356783
198,20.413,-64.61803079314996,-199.33143697329797,1.5781322316301591,-0.13914606,-2.4830034813910955
199,20.514,-64.61803079314996,-199.33143697329797,2.42017441955917,-0.03155753,-2.485457937918175
200,20.617,-64.61803079314996,-199.33143697329797,0.8713051702299358,0.03129122,-2.4876395994831677
201,20.722,-64.61803079314996,-199.33143697329797,2.0683591580310963,-0.03901416,-2.4873668045210815
202,20.825,-64.61803079314996,-199.33143697329797,1.2123144776740156,0.088813804,-2.4879123944452544
203,20.925,-64.61803079314996,-199.33143697329797,2.130835568698881,0.050465416,-2.489003225227751
204,21.032,-64.61803079314996,-199.33143697329797,2.099839408434638,0.03129122,-2.490366676439409
205,21.126,-65.22575898095965,-214.80744168022648,2.7687269553838676,-0.0177095,-2.4835490713152684
206,21.233,-65.22575898095965,-214.80744168022648,4.067115231545883,0.1015966,-2.480549199396941
207,21.334,-65.22575898095965,-214.80744168022648,0.715517045651564,0.04194355,-2.4816400301794372
208,21.442,-65.22575898095965,-214.80744168022648,0.6478638778315983,0.04513925,-2.471822553136969
209,21.544,-65.22575898095965,-214.80744168022648,3.191441351353551,0.007856093,-2.467186609577822
210,21.649,-65.22575898095965,-214.80744168022648,2.553423012476468,-0.0006657706,-2.468277440360318
211,21.752,-65.22575898095965,-214.80744168022648,3.6087396509038823,-0.20625575,-2.4609142453120048
212,21.851,-65.22575898095965,-214.80744168022648,6.327451155178231,-0.06671022,-2.464459358088656
213,21.955,-65.22575898095965,-214.80744168022648,2.2292926749742734,0.06857438,-2.473458799310714
214,22.057,-65.22575898095965,-214.80744168022648,3.6847194223502555,-0.062449288,-2.4756404608757068
215,22.163,-66.06697767460719,-230.45199978887103,0.9812762922153172,0.1015966,-2.476185876266955
216,22.261,-66.06697767460719,-230.45199978887103,0.6406586685491922,-0.044340324,-2.478094917402786
217,22.367,-66.06697767460719,-230.45199978887103,2.3463750240109866,0.023834588,-2.4808218198261027
218,22.467,-66.06697767460719,-230.45199978887103,1.296449371053979,0.07070484,-2.48382169174443
219,22.574,-66.06697767460719,-230.45199978887103,2.0934505997273427,0.07390054,-2.4887304302656643
220,22.677,-66.06697767460719,-230.45199978887103,1.026392912141211,0.028095521,-2.490094056010247
221,22.783,-66.06697767460719,-230.45199978887103,3.8826281680441497,0.036617383,-2.490639296868571
222,22.884,-66.06697767460719,-230.45199978887103,2.3000735366029263,-0.05392742,-2.5048200970410246
223,22.992,-66.06697767460719,-230.45199978887103,3.8088219091828175,-0.009187635,-2.5042748561827013
224,23.095,-67.22019029117655,-246.32867566030473,2.367078692639057,0.03768262,-2.5012749842643736
225,23.194,-67.22019029117655,-246.32867566030473,3.460950857005596,-0.054992653,-2.526364092261792
226,23.299,-67.22019029117655,-246.32867566030473,2.380571039862478,0.06857438,-2.5230915999143027
227,23.401,-67.22019029117655,-246.32867566030473,1.195954049167492,0.10905323,-2.524455051125961
228,23.509,-67.22019029117655,-246.32867566030473,2.632084298075743,0.016377958,-2.5252732614792954
229,23.611,-67.22019029117655,-246.32867566030473,2.4385505516693193,-0.0017310036,-2.522273389560968
230,23.714,-67.22019029117655,-246.32867566030473,2.123439852796168,0.019573657,-2.522818979485141
231,23.82,-67.22019029117655,-246.32867566030473,2.589664170769461,0.0856181,-2.52090993834931
232,23.928,-67.22019029117655,-246.32867566030473,3.7020308002995232,0.054726347,-2.5206373179201482
233,24.027,-67.22019029117655,-246.32867566030473,4.609376905925398,-0.015579033,-2.5198191075668133
234,24.127,-67.85020268859807,-262.544961029198,1.8687527535986497,-0.08694965,-2.5206373179201482
235,24.231,-67.85020268859807,-262.544961029198,1.2005936544452764,0.03874785,-2.5190008972134788
236,24.334,-67.85020268859807,-262.544961029198,3.009802818981514,0.0792267,-2.5168192356484855
237,24.437,-67.85020268859807,-262.544961029198,1.3102556703294284,-0.02516613,-2.51163787669809
238,24.54,-67.85020268859807,-262.544961029198,1.955854479686351,0.03874785,-2.5097290100951835
239,24.643,-67.85020268859807,-262.544961029198,1.1738663572190446,-0.026231363,-2.5048200970410246
240,24.749,-67.85020268859807,-262.544961029198,1.8458942821051243,0.117575094,-2.503729266258528
241,24.852,-67.85020268859807,-262.544961029198,2.6064890668231975,0.028095521,-2.5012749842643736
242,24.954,-67.85020268859807,-262.544961029198,1.352973478712277,0.06644391,-2.4988207022702187
243,25.053,-67.85020268859807,-262.544961029198,2.046845234603805,0.050465416,-2.4958208303518914
244,25.155,-68.78518028149847,-278.4036420308985,0.9787263085140888,0.050465416,-2.5040020612206146
245,25.258,-68.78518028149847,-278.4036420308985,2.0507463847446012,0.04194355,-2.507274553568104
246,25.364,-68.78518028149847,-278.4036420308985,0.7268512894086395,-0.0059919357,-2.5061837227856074
247,25.465,-68.78518028149847,-278.4036420308985,1.5463952415537288,0.0035951615,-2.5050928920031112
248,25.565,-68.78518028149847,-278.4036420308985,0.9910531115839297,0.0057256273,-2.5004567739110386
249,25.67,-68.78518028149847,-278.4036420308985,1.5685480281642512,0.0067908606,-2.498002491916884
250,25.774,-68.78518028149847,-278.4036420308985,1.546734113437787,0.024899822,-2.4955482099227293
251,25.878,-68.78518028149847,-278.4036420308985,2.8582834613553136,-0.04220986,-2.4939117892160603
252,25.983,-68.78518028149847,-278.4036420308985,3.014473517190155,0.017443191,-2.4988207022702187
253,26.088,-68.682249916601,-293.61620672792196,1.7107308161796566,0.00998656,-2.4914575072219054
254,26.19,-68.682249916601,-293.61620672792196,2.35488473644058,0.06324821,-2.5132741228718345
255,26.296,-68.682249916601,-293.61620672792196,1.6184929437787956,0.008921326,-2.512728707480586
256,26.394,-68.682249916601,-293.61620672792196,2.2053851925914056,-0.004926703,-2.513819538263083
257,26.496,-68.682249916601,-293.61620672792196,0.47433767401502097,-0.064579755,-2.51081984087768
258,26.599,-68.682249916601,-293.61620672792196,2.40142228401915,-0.004926703,-2.51081984087768
259,26.705,-68.682249916601,-293.61620672792196,1.8275503979811583,0.012117025,-2.5091834201710106
260,26.814,-68.682249916601,-293.61620672792196,2.5981027343229237,-0.13168943,-2.508638179312687
261,26.916,-68.682249916601,-293.61620672792196,1.7593294104139248,0.08668334,-2.5040020612206146
262,27.018,-68.682249916601,-293.61620672792196,5.978151531721447,-0.16045073,-2.501002363835212
263,27.119,-68.95971041743178,-308.6774291694164,1.026848661237003,-0.18814678,-2.4969116611343876
264,27.223,-68.95971041743178,-308.6774291694164,2.852633369491615,0.107988,-2.4930937533956503
265,27.322,-68.95971041743178,-308.6774291694164,2.9236410132149433,0.033421688,-2.490912091830657
266,27.43,-68.95971041743178,-308.6774291694164,1.9674224951092107,-0.04860126,-2.4873668045210815
267,27.529,-68.95971041743178,-308.6774291694164,1.869259181067885,0.07709624,-2.4895484660860743
268,27.632,-68.95971041743178,-308.6774291694164,0.955391788276618,-0.06884068,-2.4971842815635497
269,27.742,-68.95971041743178,-308.6774291694164,1.9334950128089934,0.0856181,-2.4778221224406995
270,27.845,-68.95971041743178,-308.6774291694164,2.0437359148017054,-0.054992653,-2.478912953223196
271,27.952,-68.95971041743178,-308.6774291694164,1.1493892331699136,-0.018774733,-2.4775493274786133
272,28.05,-68.95971041743178,-308.6774291694164,0.9389696989980398,0.04513925,-2.4750950454844585
273,28.158,-69.50017676351126,-322.84420541347936,1.456039635929712,0.027030287,-2.4772767070494517
274,28.261,-69.50017676351126,-322.84420541347936,2.6255996175538048,0.025965055,-2.4756404608757068
275,28.361,-69.50017676351126,-322.84420541347936,2.4977119511061034,0.011051793,-2.47536766591362
276,28.466,-69.50017676351126,-322.84420541347936,3.3464373390131725,0.043008782,-2.47536766591362
277,28.57,-69.50017676351126,-322.84420541347936,1.4405099464529232,-0.040079392,-2.4740042147019623
278,28.677,-69.50017676351126,-322.84420541347936,1.5611767976618953,0.05366111,-2.471822553136969
279,28.78,-69.50017676351126,-322.84420541347936,3.5878735740141003,0.018508423,-2.467731850436145
280,28.883,-69.50017676351126,-322.84420541347936,1.488630458769408,0.03448692,-2.478367537831948
281,28.984,-69.50017676351126,-322.84420541347936,0.7401365997878788,0.06005251,-2.478367537831948
282,29.092,-69.62521098810248,-335.20941621041857,1.0812351129465128,0.07283531,-2.490639296868571
283,29.194,-69.62521098810248,-335.20941621041857,1.6575993449826878,0.054726347,-2.490094056010247
284,29.295,-69.62521098810248,-335.20941621041857,1.877981373474764,0.05898728,-2.4843671071356783
285,29.399,-69.62521098810248,-335.20941621041857,1.2954255914322683,0.012117025,-2.494729999569395
286,29.501,-69.62521098810248,-335.20941621041857,3.029567102392758,0.05259588,-2.4933665483577365
287,29.605,-69.62521098810248,-335.20941621041857,2.0006516172371187,0.00039946238,-2.4911848867927437
288,29.708,-69.62521098810248,-335.20941621041857,0.8006545823013458,0.16124965,-2.4873668045210815
289,29.816,-69.62521098810248,-335.20941621041857,3.533255947590293,0.023834588,-2.4669138146157352
290,29.916,-69.62521098810248,-335.20941621041857,1.9193836807449611,-0.008122402,-2.4849125225269266
291,30.022,-69.62521098810248,-335.20941621041857,1.244193657279127,0.0046603945,-2.490366676439409
292,30.131,-68.98139280674513,-346.60718593839556,3.345242571665891,0.16231488,-2.463641322268246
293,30.229,-68.98139280674513,-346.60718593839556,1.1280577832511445,-0.029427063,-2.47536766591362
294,30.328,-68.98139280674513,-346.60718593839556,2.166714390218854,0.039813083,-2.468277440360318
295,30.435,-68.98139280674513,-346.60718593839556,2.247673744116748,0.044074018,-2.4609142453120048
296,30.543,-68.98139280674513,-346.60718593839556,1.6549159071576696,0.10053137,-2.4532784298345294
297,30.643,-68.98139280674513,-346.60718593839556,0.5319888797064383,0.032356452,-2.448096896351209
298,30.745,-68.98139280674513,-346.60718593839556,0.2997378753442345,0.054726347,-2.4461880297483023
299,30.846,-68.98139280674513,-346.60718593839556,1.196626720096912,0.015312725,-2.4467334451395506
300,30.954,-68.98139280674513,-346.60718593839556,1.837543959227485,0.18894571,-2.4431883323628996
301,31.055,-68.98139280674513,-346.60718593839556,4.141150777800307,0.015312725,-2.4363705527058346
302,31.155,-68.60113963740878,-357.0231126754079,1.812302300542669,-0.008122402,-2.428189321837111
303,31.256,-68.60113963740878,-357.0231126754079,2.1228078170203,0.061117746,-2.4350069269612513
304,31.363,-68.60113963740878,-357.0231126754079,2.3613728005032013,0.036617383,-2.4164628036588116
305,31.474,-68.60113963740878,-357.0231126754079,2.0507949816507005,-0.013448567,-2.4227351679246287
306,31.565,-68.60113963740878,-357.0231126754079,1.2217577350172537,-0.019839965,-2.408281747323013
307,31.667,-68.60113963740878,-357.0231126754079,1.988492235158103,-0.04860126,-2.4058272907959335
308,31.769,-68.60113963740878,-357.0231126754079,1.1736111883147564,-0.015579033,-2.3968278495738753
309,31.871,-68.60113963740878,-357.0231126754079,1.6716250964674995,0.0025299285,-2.394373567579721
310,31.974,-68.60113963740878,-357.0231126754079,1.9662934288578344,-0.13914606,-2.3657393468056513
311,32.08,-68.60113963740878,-357.0231126754079,1.117267642724474,0.018508423,-2.3649211364523164
312,32.181,-68.07811342889909,-367.11507405294105,1.4678387221229892,-0.06671022,-2.3572853209748414
313,32.284,-68.07811342889909,-367.11507405294105,1.9336598569979795,-0.0006657706,-2.364102926098982
314,32.385,-68.07811342889909,-367.11507405294105,1.479183203849464,0.017443191,-2.351285751671111
315,32.489,-68.07811342889909,-367.11507405294105,0.5428045951948179,-0.107189074,-2.333287043759919
316,32.595,-68.07811342889909,-367.11507405294105,0.9872308597107617,-0.029427063,-2.355921869763183
317,32.697,-68.07811342889909,-367.11507405294105,0.8222148257004251,-0.05392742,-2.3390138181015634
318,32.801,-68.07811342889909,-367.11507405294105,1.242371406000512,-0.011318101,-2.3542854490565137
319,32.901,-68.07811342889909,-367.11507405294105,0.8605333612710723,-0.10505861,-2.351285751671111
320,33.003,-68.07811342889909,-367.11507405294105,1.3442711382789114,-0.040079392,-2.356739905583593
321,33.106,-67.35357458656654,-376.09719511680305,1.5176839169197858,-0.03155753,-2.349649505497366
322,33.21,-67.35357458656654,-376.09719511680305,1.3764373082443244,0.03874785,-2.3548310389806866
323,33.315,-67.35357458656654,-376.09719511680305,1.0749903291065794,-0.012383334,-2.3548310389806866
324,33.416,-67.35357458656654,-376.09719511680305,0.9532629540775411,-0.02197043,-2.342013690019891
325,33.52,-67.35357458656654,-376.09719511680305,1.2246084573112368,0.013182258,-2.354012828627352
326,33.626,-67.35357458656654,-376.09719511680305,1.579078459130528,-0.06564499,-2.379647352016019
327,33.729,-67.35357458656654,-376.09719511680305,0.9222060063613479,0.012117025,-2.3777384854131123
328,33.829,-67.35357458656654,-376.09719511680305,0.44330015655963995,-0.019839965,-2.379920146978105
329,33.931,-67.35357458656654,-376.09719511680305,1.0755745021556204,-0.040079392,-2.379647352016019
330,34.034,-67.35357458656654,-376.09719511680305,1.3410171064494278,-0.044340324,-2.3848287109664144
331,34.14,-67.07569645124022,-384.8764010136947,0.7870595731347043,0.04833495,-2.391373695661393
332,34.239,-67.07569645124022,-384.8764010136947,1.4137186460734814,0.0046603945,-2.379374557053932
333,34.341,-67.07569645124022,-384.8764010136947,1.1291811981242488,-0.027296597,-2.36383030566982
334,34.444,-67.07569645124022,-384.8764010136947,1.4991524353438554,-0.04327509,-2.379374557053932
335,34.553,-67.07569645124022,-384.8764010136947,2.038706876823093,-0.034753226,-2.3747386134947845
336,34.652,-67.07569645124022,-384.8764010136947,2.277390186254321,-0.047536023,-2.3763748596685295
337,34.753,-67.07569645124022,-384.8764010136947,1.1361590796333054,-0.047536023,-2.3578307363660898
338,34.852,-67.07569645124022,-384.8764010136947,1.531248177490814,-0.077362545,-2.352649377415694
339,34.954,-67.07569645124022,-384.8764010136947,1.4355651011245085,-0.010252868,-2.356194490192345
340,35.059,-67.07569645124022,-384.8764010136947,2.542875776357497,-0.05712312,-2.3591943621106726
341,35.166,-66.86051455384586,-392.98114394955337,2.1939011914460256,0.03448692,-2.3651937568814785
342,35.266,-66.86051455384586,-392.98114394955337,1.7396833415042894,-0.036883693,-2.3676482134085575
343,35.366,-66.86051455384586,-392.98114394955337,0.4977299016013337,-0.047536023,-2.3821018085430983
344,35.468,-66.86051455384586,-392.98114394955337,1.861214618274016,0.04087832,-2.392737321405976
345,35.578,-66.86051455384586,-392.98114394955337,1.2685302396644922,-0.047536023,-2.3930101163680626
346,35.674,-66.86051455384586,-392.98114394955337,1.1639673091639,-0.050731722,-2.4003731368834513
347,35.779,-66.86051455384586,-392.98114394955337,0.6526344413826051,0.044074018,-2.4055544958338473
348,35.88,-66.86051455384586,-392.98114394955337,1.6853397705293673,-0.040079392,-2.3951917779330554
349,35.982,-66.86051455384586,-392.98114394955337,1.806693197135923,0.033421688,-2.412099480528826
350,36.086,-66.86051455384586,-392.98114394955337,1.157760893538769,-0.009187635,-2.3875559624555804
351,36.191,-66.58319152367767,-400.1561664387118,1.3312494732542943,0.008921326,-2.39082845480307
352,36.293,-66.58319152367767,-400.1561664387118,1.2210553071919237,-0.05925359,-2.3990095111388685
353,36.394,-66.58319152367767,-400.1561664387118,0.8398537641616602,-0.03155753,-2.397100644535962
354,36.498,-66.58319152367767,-400.1561664387118,0.5686458921269711,0.0792267,-2.392737321405976
355,36.602,-66.58319152367767,-400.1561664387118,1.4333563316211455,0.015312725,-2.3973734394980486
356,36.703,-66.58319152367767,-400.1561664387118,1.3191391015480007,-0.0059919357,-2.3973734394980486
357,36.805,-66.58319152367767,-400.1561664387118,1.8508208200627634,-0.0059919357,-2.389737624020573
358,36.911,-66.58319152367767,-400.1561664387118,1.486343274898329,-0.11145,-2.3861923367109976
359,37.014,-66.58319152367767,-400.1561664387118,1.695581366752554,-0.09014534,-2.3821018085430983
360,37.12,-66.54747496289201,-406.40230930922553,2.215877139280944,0.03874785,-2.417826429403395
361,37.221,-66.54747496289201,-406.40230930922553,2.2729844139655766,-0.037948925,-2.4159175628004883
362,37.327,-66.54747496289201,-406.40230930922553,0.6187167790826138,0.0014646954,-2.414281142093819
363,37.427,-66.54747496289201,-406.40230930922553,1.0095556830245953,-0.02197043,-2.4115542396705023
364,37.525,-66.54747496289201,-406.40230930922553,1.2237369570854422,0.054726347,-2.4123722754909123
365,37.636,-66.54747496289201,-406.40230930922553,1.6234835091769957,-0.027296597,-2.4088269881813367
366,37.739,-66.54747496289201,-406.40230930922553,1.3532990848662094,-0.02197043,-2.4153719728763154
367,37.84,-66.54747496289201,-406.40230930922553,0.6962960776631419,-0.02516613,-2.389464829058487
368,37.941,-66.54747496289201,-406.40230930922553,1.0536810509629104,-0.015579033,-2.40691812157843
369,38.047,-66.54747496289201,-406.40230930922553,0.74651631135123,0.029160755,-2.408281747323013
370,38.151,-66.40314808918629,-412.7285184287466,0.7337653374701273,-0.018774733,-2.4066453266163434
371,38.251,-66.40314808918629,-412.7285184287466,1.949552548622068,-0.009187635,-2.4172810140121466
372,38.352,-66.40314808918629,-412.7285184287466,1.0049360090743373,0.044074018,-2.4003731368834513
373,38.454,-66.40314808918629,-412.7285184287466,0.7643641088847273,-0.019839965,-2.4055544958338473
374,38.564,-66.40314808918629,-412.7285184287466,1.2811784362794008,0.0067908606,-2.411826860099664
375,38.653,-66.40314808918629,-412.7285184287466,0.5083477229511423,0.0025299285,-2.4001003419213647
376,38.763,-66.40314808918629,-412.7285184287466,1.8456024961042377,0.03555215,-2.4031002138396924
377,38.862,-66.40314808918629,-412.7285184287466,1.3384254440214325,0.00998656,-2.3965552291447136
378,38.965,-66.40314808918629,-412.7285184287466,1.6027847391319858,0.039813083,-2.4080089523609267
379,39.07,-66.40314808918629,-412.7285184287466,1.0964756133473923,-0.062449288,-2.406372706187182
380,39.177,-66.60746354388539,-419.47183836298063,1.655035486275143,-0.02516613,-2.392191906014728
381,39.28,-66.60746354388539,-419.47183836298063,1.3009948940352434,-0.028361829,-2.401463967665948
382,39.38,-66.60746354388539,-419.47183836298063,1.3907818527360931,-0.02197043,-2.402282003486358
383,39.483,-66.60746354388539,-419.47183836298063,1.434192125417496,0.00998656,-2.3968278495738753
384,39.596,-66.60746354388539,-419.47183836298063,2.3153152842517604,0.028095521,-2.391373695661393
385,39.677,-66.60746354388539,-419.47183836298063,2.4657599505594567,-0.016644266,-2.3976460599272102
386,39.794,-66.60746354388539,-419.47183836298063,0.7956285170089208,-0.05392742,-2.3938281521884726
387,39.893,-66.60746354388539,-419.47183836298063,1.3829547489648233,-0.034753226,-2.384283470108091
388,39.996,-66.60746354388539,-419.47183836298063,2.067105387594682,-0.0027962367,-2.389464829058487
389,40.099,-66.50660926033743,-425.4243846118916,1.1036633271647922,-0.050731722,-2.3845560905372527
390,40.201,-66.50660926033743,-425.4243846118916,1.2558164800460876,0.029160755,-2.402282003486358
391,40.306,-66.50660926033743,-425.4243846118916,1.5543423748755527,0.044074018,-2.387828582884742
392,40.408,-66.50660926033743,-425.4243846118916,2.146306154385411,-0.0017310036,-2.381556218618925
393,40.515,-66.50660926033743,-425.4243846118916,2.178277618453129,-0.028361829,-2.3733751622831263
394,40.622,-66.50660926033743,-425.4243846118916,1.355835926390214,-0.033687994,-2.3821018085430983
395,40.716,-66.50660926033743,-425.4243846118916,0.93875251809584,-0.04540556,-2.38237442897226
396,40.828,-66.50660926033743,-425.4243846118916,1.8693030264704142,-0.0177095,-2.37310236732104
397,40.927,-66.50660926033743,-425.4243846118916,0.8671265539226864,-0.03581846,-2.3657393468056513
398,41.033,-66.50660926033743,-425.4243846118916,0.7758820376985059,-0.004926703,-2.3537402081981904
399,41.134,-66.67681645264383,-429.2257390373852,1.4569038549900306,-0.034753226,-2.3791019366247705
400,41.236,-66.67681645264383,-429.2257390373852,0.8093593794491797,-0.029427063,-2.3774656904510256
401,41.338,-66.67681645264383,-429.2257390373852,0.9312963414601855,-0.04540556,-2.3777384854131123
402,41.443,-66.67681645264383,-429.2257390373852,1.1006743681525923,-0.06031882,-2.3801927674072667
403,41.546,-66.67681645264383,-429.2257390373852,0.7283198479450443,-0.020905199,-2.375829444277281
404,41.649,-66.67681645264383,-429.2257390373852,0.7928928400112274,-0.069905914,-2.3930101163680626
405,41.749,-66.67681645264383,-429.2257390373852,1.8812209717321884,-0.0177095,-2.39164649062348
406,41.854,-66.67681645264383,-429.2257390373852,0.3224114762582617,-0.054992653,-2.3777384854131123
407,41.965,-66.67681645264383,-429.2257390373852,1.3730226207233625,-0.12955897,-2.3829198443635082
408,42.08,-66.67681645264383,-429.2257390373852,1.4500378123589859,-0.0027962367,-2.3875559624555804
409,42.176,-67.25683562085032,-432.5019983006641,0.7512177766469758,-0.08268871,-2.393555357226386
410,42.275,-67.25683562085032,-432.5019983006641,0.49154368482820776,-0.04540556,-2.4164628036588116
411,42.373,-67.25683562085032,-432.5019983006641,1.1938789061846207,0.0067908606,-2.421644337142132
412,42.476,-67.25683562085032,-432.5019983006641,2.2275954191112826,-0.1529941,-2.440188460444572
413,42.582,-67.25683562085032,-432.5019983006641,1.0683449320388025,0.05579158,-2.4590052041761736
414,42.683,-67.25683562085032,-432.5019983006641,1.1680723053258515,-0.03155753,-2.4650049480128287
415,42.787,-67.25683562085032,-432.5019983006641,1.6450449172595796,0.008921326,-2.4475516554928856
416,42.894,-67.25683562085032,-432.5019983006641,0.5985718311406464,0.0035951615,-2.4483696913132955
417,42.996,-67.25683562085032,-432.5019983006641,0.6093289094385724,0.08668334,-2.464186737659494
418,43.095,-67.56426431261934,-436.31308299396187,0.5377101608432554,0.05685681,-2.47536766591362
419,43.198,-67.56426431261934,-436.31308299396187,1.0965409503843677,-0.0038614697,-2.480276578967779
420,43.301,-67.56426431261934,-436.31308299396187,0.8533093705073376,0.0035951615,-2.482730860961934
421,43.405,-67.56426431261934,-436.31308299396187,0.5735408461423245,0.03129122,-2.47454963009321
422,43.51,-67.56426431261934,-436.31308299396187,0.6529316353708479,0.0035951615,-2.4740042147019623
423,43.612,-67.56426431261934,-436.31308299396187,0.8708572711431481,0.028095521,-2.4685500607894797
424,43.714,-67.56426431261934,-436.31308299396187,0.7640921949040834,0.032356452,-2.4764584966961167
425,43.817,-67.56426431261934,-436.31308299396187,0.8317084291420409,0.03129122,-2.4778221224406995
426,43.925,-67.56426431261934,-436.31308299396187,0.5142150955538974,0.021704122,-2.472095173566131
427,44.026,-67.56426431261934,-436.31308299396187,0.435330595879411,0.0067908606,-2.4532784298345294
428,44.125,-67.47248097427655,-439.6702236379497,1.032769686564862,0.021704122,-2.4467334451395506
429,44.226,-67.47248097427655,-439.6702236379497,0.5916129985434373,0.0792267,-2.4505513528782883
430,44.329,-67.47248097427655,-439.6702236379497,1.1884679017863347,0.04940018,-2.457096337573267
431,44.433,-67.47248097427655,-439.6702236379497,1.3773276595423327,0.061117746,-2.4576417529645154
432,44.537,-67.47248097427655,-439.6702236379497,0.5332948332386596,-0.0027962367,-2.44073387583582
433,44.641,-67.47248097427655,-439.6702236379497,1.4142446023914392,0.029160755,-2.4497333170578783
434,44.75,-67.47248097427655,-439.6702236379497,1.6316524980439338,0.1015966,-2.4510967682695366
435,44.837,-67.47248097427655,-439.6702236379497,0.6617492549737362,0.12609696,-2.4371885885262445
436,44.952,-67.47248097427655,-439.6702236379497,0.9490870117327291,-0.0145138,-2.429552773048769
437,45.06,-67.47248097427655,-439.6702236379497,1.3548159026634465,-0.0038614697,-2.4235533782779632
438,45.159,-67.23617336992174,-442.63922033132985,1.487609313716869,0.05366111,-2.411826860099664
439,45.262,-67.23617336992174,-442.63922033132985,0.9514097231756601,0.03555215,-2.4080089523609267
440,45.36,-67.23617336992174,-442.63922033132985,1.2944565885015056,0.013182258,-2.39164649062348
441,45.465,-67.23617336992174,-442.63922033132985,0.8583053344447508,-0.0059919357,-2.3810109777606017
442,45.572,-67.23617336992174,-442.63922033132985,1.1785087477718126,0.019573657,-2.3755568238481195
443,45.677,-67.23617336992174,-442.63922033132985,0.6900263215363239,-0.0017310036,-2.394373567579721
444,45.779,-67.23617336992174,-442.63922033132985,0.2770681958574862,0.030225987,-2.4101906139259195
445,45.878,-67.23617336992174,-442.63922033132985,1.1758209810687694,0.0046603945,-2.392737321405976
446,45.985,-67.23617336992174,-442.63922033132985,1.0129660708783805,0.017443191,-2.378829316195609
447,46.09,-67.24507870653179,-445.12853284343146,1.0018709313066974,0.013182258,-2.39164649062348
448,46.19,-67.24507870653179,-445.12853284343146,0.7798876710224243,0.019573657,-2.392737321405976
449,46.293,-67.24507870653179,-445.12853284343146,1.5547513970084477,0.021704122,-2.3755568238481195
450,46.394,-67.24507870653179,-445.12853284343146,1.2888129670669202,0.05366111,-2.361103228713579
451,46.497,-67.24507870653179,-445.12853284343146,1.125804397737374,-0.0006657706,-2.3684662492289674
452,46.601,-67.24507870653179,-445.12853284343146,0.6834267444174249,0.017443191,-2.3649211364523164
453,46.714,-67.24507870653179,-445.12853284343146,0.9951161026665851,0.039813083,-2.3578307363660898
454,46.821,-67.24507870653179,-445.12853284343146,0.7003290987790031,0.04513925,-2.361921264533989
455,46.914,-67.24507870653179,-445.12853284343146,0.7232096184626255,0.017443191,-2.356194490192345
456,47.022,-67.24507870653179,-445.12853284343146,0.6634448116684463,0.06644391,-2.364102926098982
457,47.126,-67.08902633085381,-447.887840192765,0.8980733857545188,0.04620448,-2.3591943621106726
458,47.224,-67.08902633085381,-447.887840192765,0.704952091014956,0.024899822,-2.356739905583593
459,47.323,-67.08902633085381,-447.887840192765,0.4831387468357952,0.039813083,-2.336286915678247
460,47.427,-67.08902633085381,-447.887840192765,1.1761656913318719,0.03129122,-2.3390138181015634
461,47.532,-67.08902633085381,-447.887840192765,0.27322774777164893,0.025965055,-2.3338324591511674
462,47.635,-67.08902633085381,-447.887840192765,0.5680979702418457,0.0035951615,-2.3311053821949264
463,47.743,-67.08902633085381,-447.887840192765,0.7452798995597889,0.0067908606,-2.319378864016627
464,47.849,-67.08902633085381,-447.887840192765,0.7352517128353563,0.007856093,-2.3283783052386853
465,47.945,-67.08902633085381,-447.887840192765,0.4810882117229351,0.017443191,-2.3422863104490528
466,48.052,-67.08902633085381,-447.887840192765,0.7558618231277259,-0.0017310036,-2.3267420590649404
467,48.153,-66.79134792485274,-450.48139566136524,1.0401238618902837,0.0057256273,-2.317742792375807
468,48.255,-66.79134792485274,-450.48139566136524,0.7429841445136384,0.0046603945,-2.3210152847232965
469,48.356,-66.79134792485274,-450.48139566136524,0.6718017440777609,0.015312725,-2.3330144233307575
470,48.464,-66.79134792485274,-450.48139566136524,1.0269746083450715,0.00998656,-2.3231969462882893
471,48.564,-66.79134792485274,-450.48139566136524,0.5805272177070548,0.0057256273,-2.3264694386357787
472,48.666,-66.79134792485274,-450.48139566136524,1.09673263486544,-0.015579033,-2.3248330179291092
473,48.774,-66.79134792485274,-450.48139566136524,0.30097253513136074,0.030225987,-2.311743048539152
474,48.878,-66.79134792485274,-450.48139566136524,1.4537698130263264,-0.023035664,-2.325651228282444
475,48.979,-66.79134792485274,-450.48139566136524,1.7224923937079462,-0.04327509,-2.3311053821949264
476,49.082,-66.79134792485274,-450.48139566136524,1.086032713118346,0.051530648,-2.3226513563641165
477,49.184,-66.59738305117935,-452.7470342395827,1.1586152418253635,0.0792267,-2.322378735934955
478,49.287,-66.59738305117935,-452.7470342395827,1.2473734370457188,0.0067908606,-2.329469136021182
479,49.396,-66.59738305117935,-452.7470342395827,1.3413217795603318,-0.032622762,-2.3188336231583038
480,49.495,-66.59738305117935,-452.7470342395827,1.5308384836162645,-0.0006657706,-2.3226513563641165
481,49.595,-66.59738305117935,-452.7470342395827,1.0633935008095754,0.05579158,-2.334105254113254
482,49.7,-66.59738305117935,-452.7470342395827,1.5030264884192435,0.04940018,-2.327832889847437
483,49.809,-66.59738305117935,-452.7470342395827,0.8486341656844184,0.0035951615,-2.3281055102765986
484,49.91,-66.59738305117935,-452.7470342395827,1.1622677800594243,-0.061384052,-2.330559966803678
485,50.02,-66.59738305117935,-452.7470342395827,0.9114878266614164,0.04833495,-2.322378735934955
486,50.117,-66.75529076403473,-453.91412433004007,1.9605292830676626,0.06431344,-2.3253786078532825
487,50.223,-66.75529076403473,-453.91412433004007,1.7454497971754706,-0.019839965,-2.32156052558162
488,50.322,-66.75529076403473,-453.91412433004007,0.8824304398748947,-0.09227581,-2.3226513563641165
489,50.424,-66.75529076403473,-453.91412433004007,1.8240837686890174,-0.10186291,-2.327832889847437
490,50.525,-66.75529076403473,-453.91412433004007,2.234992767619787,-0.037948925,-2.319378864016627
491,50.627,-66.75529076403473,-453.91412433004007,1.3345685510410612,0.061117746,-2.334105254113254
492,50.735,-66.75529076403473,-453.91412433004007,0.8349329299486644,0.024899822,-2.313924710104145
493,50.843,-66.75529076403473,-453.91412433004007,0.816674797819301,-0.06031882,-2.324287777070786
494,50.944,-66.75529076403473,-453.91412433004007,1.1753285055210265,-0.007057169,-2.3264694386357787
495,51.053,-66.75529076403473,-453.91412433004007,0.8231318372569303,0.03555215,-2.317742792375807
496,51.152,-66.75529076403473,-453.91412433004007,0.47856526836938285,-0.019839965,-2.3283783052386853
497,51.251,-66.75529076403473,-453.91412433004007,1.2292157649213193,-0.052729033,-2.3267420590649404
498,51.353,-66.75529076403473,-453.91412433004007,1.200956700701424,-0.0029293909,-2.318015412804969
499,51.456,-66.75529076403473,-453.91412433004007,1.1773200918780167,0.056723658,-2.325105812891196
500,51.558,-66.75529076403473,-453.91412433004007,1.15973518463658,0.013848029,-2.3281055102765986
501,51.663,-66.75529076403473,-453.91412433004007,1.6453124566125692,-0.08322133,-2.318560828196217
502,51.767,-66.75529076403473,-453.91412433004007,2.5387170779726724,-0.07469947,-2.3231969462882893
503,51.872,-66.75529076403473,-453.91412433004007,2.175623073206811,0.058587816,-2.329741930983268
504,51.982,-66.75529076403473,-453.91412433004007,2.2755592989118325,0.113979936,-2.318560828196217
505,52.07,-66.75529076403473,-453.91412433004007,1.45681254328697,0.1225018,-2.3360141207161607
506,52.185,-66.75529076403473,-453.91412433004007,0.49147049604410953,-0.03195699,-2.313379469245821
507,52.285,-66.75529076403473,-453.91412433004007,0.8401452814948814,0.023435127,-2.3264694386357787
508,52.386,-66.75529076403473,-453.91412433004007,0.3123185915291195,-0.024500359,-2.323742187146613
509,52.49,-66.75529076403473,-453.91412433004007,0.8077631034138233,0.023435127,-2.322378735934955
510,52.59,-66.75529076403473,-453.91412433004007,0.4280883425264801,-0.018108962,-2.322106115505793
511,52.697,-66.75529076403473,-453.91412433004007,0.5929143363770101,0.005326165,-2.3245603974999476
512,52.796,-66.75529076403473,-453.91412433004007,0.3356271383356011,-0.018108962,-2.3226513563641165
513,52.897,-66.75529076403473,-453.91412433004007,0.8993909370745303,-0.019174194,-2.3234695667174514
514,53.0,-66.75529076403473,-453.91412433004007,0.48268124065118684,-0.038348388,-2.3234695667174514
515,53.105,-66.71529620606452,-455.09432818973437,0.3772591500790601,0.03195699,-2.323742187146613
516,53.204,-66.71529620606452,-455.09432818973437,0.5834221307830249,-0.083088174,-2.324287777070786
